Ticker,CAPM_Alpha_monthly,CAPM_t_Alpha,CAPM_p_Alpha,CAPM_R_squared,CAPM_Adj_R_squared,CAPM_Residual_std_monthly,CAPM_N,CAPM_Beta_Mkt_RF,CAPM_t_Mkt_RF,FF3_Alpha_monthly,FF3_t_Alpha,FF3_p_Alpha,FF3_R_squared,FF3_Adj_R_squared,FF3_Residual_std_monthly,FF3_N,FF3_Beta_Mkt_RF,FF3_t_Mkt_RF,FF3_Beta_SMB,FF3_t_SMB,FF3_Beta_HML,FF3_t_HML,Alpha_change_monthly,Abs_alpha_reduction_monthly,Abs_alpha_reduction_fraction,CAPM_abs_t_gt_2,FF3_abs_t_gt_2,Delta_R_squared,Verdict
MMM,-0.004599459258962266,-0.9283772862153633,0.3549592682694439,0.3659349841586679,0.3609813512224075,0.054961005259409966,130,0.9239472969639301,8.594884686539856,-0.004565788051669556,-0.9524153602880732,0.3427098495577191,0.4248650178023454,0.4111713277500204,0.05275849228125357,130,0.9235366247581427,8.481620783815794,0.034261085327351275,0.18926695427335277,0.43855450931511275,3.5429093832588796,3.367120729270978e-05,3.367120729270978e-05,0.007320688236796494,False,False,0.05893003364367755,Changes modestly
AXP,0.0011861030465696986,0.249288280062702,0.8035373846721019,0.5098472996496068,0.5060179816781194,0.0527828647853202,130,1.191255124657472,11.538765483764989,0.0017387284165087265,0.3848960806939382,0.7009633288181776,0.5719557918478267,0.5617642630822988,0.04971543946815434,130,1.1611046639073717,11.316110790591667,0.19203108823873355,1.125761295199492,0.46297082629081043,3.9690921497690437,0.0005526253699390279,-0.0005526253699390279,-0.4659168286745937,False,False,0.0621084921982199,Not absorbed
AAPL,0.008380754391507948,1.529512323643587,0.12860507346661712,0.4163371273101115,0.4117772611172218,0.060785855088030846,130,1.1360606806711786,9.555348283397016,0.007761176470501729,1.467956042662455,0.14460807844925086,0.4735554464459574,0.46102105231371826,0.058185869284336666,130,1.1700549556157867,9.74329467295649,-0.21227570244018787,-1.063282858469777,-0.46412041222413214,-3.399710854896815,-0.0006195779210062188,0.0006195779210062188,0.07392865750057355,False,False,0.05721831913584585,Changes modestly
BA,-0.006803743086533439,-0.8194842723418175,0.41403343349299604,0.31710843940845046,0.31177334909132903,0.09210425217508841,130,1.3888814270064447,7.7096207027856405,-0.005733691611278524,-0.6990874712894588,0.4857858377311507,0.3543983644007397,0.3390268968864716,0.0902621826707554,130,1.3290819179140463,7.134491458330696,0.34938670241390485,1.1281493394417417,0.48822765921008565,2.305395217764834,0.001070051475254915,0.001070051475254915,0.1572739390134901,False,False,0.037289924992289225,Changes modestly
CAT,0.009663959517485209,1.459147867240633,0.14697411701684532,0.3677504071132819,0.36281095716885436,0.07347307138249726,130,1.239989361268648,8.628539403816571,0.010628396608475733,1.6478498170077462,0.10187501539491148,0.4191031369417151,0.4052722592498512,0.07098280278629418,130,1.1862433504341874,8.097253787981376,0.31729473169169425,1.3027940618509548,0.4835572088793828,2.903511550603496,0.0009644370909905244,-0.0009644370909905244,-0.09979730246650431,False,False,0.0513527298284332,Not absorbed
CVX,0.002021648122979648,0.31912012578662663,0.7501556162565178,0.23761883463082123,0.23166273177637453,0.07027870819662581,130,0.8682315910339773,6.316250365427982,0.0019350592914445938,0.3583917020139487,0.7206499568906729,0.46350720370744014,0.4507335657004745,0.05942091711589851,130,0.876705890041686,7.148775814829004,0.029226303477865458,0.1433509554384553,1.0063093761217852,7.218068649556231,-8.658883153505443e-05,8.658883153505443e-05,0.042830812420231505,False,False,0.2258883690766189,Changes modestly
CSCO,0.003609892254105702,0.6949152720132622,0.48836793928310773,0.3485389384868205,0.3434493989437488,0.057628163676659606,130,0.9327680546029234,8.275350659241466,0.0029836351565196173,0.5677163856818837,0.5712377744764634,0.35402741257889236,0.3386471128783899,0.05783853794832413,130,0.9686321224313796,8.114442088071442,-0.19078631740441357,-0.9613819673674897,-0.03664166357188308,-0.2700142696152492,-0.0006262570975860849,0.0006262570975860849,0.17348359826358056,False,False,0.005488474092071871,Changes modestly
KO,0.003222859998130931,0.841688354051392,0.4015321994251627,0.15906778973942692,0.15249800684676618,0.042477849274159186,130,0.40881856666161415,4.92057226425794,0.001006103322714922,0.29361535051445153,0.7695349226055315,0.34757556920043786,0.33204165418140075,0.037710895518733384,130,0.5374175759288353,6.904975214501753,-0.6492066249861802,-5.017439565550259,0.34534745402182243,3.903177058773863,-0.002216756675416009,0.002216756675416009,0.687822827147812,False,False,0.18850777946101094,Shrinks materially
XOM,0.002307407792920398,0.3518810605425438,0.7255060969746896,0.16929562508600993,0.16280574715699436,0.07274461680059666,130,0.7267046538781903,5.107455643450599,0.002247212178387756,0.41097576110624584,0.6817884248758119,0.4404136216940231,0.4270901364962618,0.06017704958955058,130,0.7339608781946038,5.909614133712253,0.041907417865032374,0.20296729526025845,1.0922581908815538,7.736121087078771,-6.019561453264209e-05,6.019561453264209e-05,0.02608798267793609,False,False,0.27111799660801317,Changes modestly
GE,-0.00107203714603588,-0.13352997768444277,0.8939839676068304,0.25949310378784296,0.2537078936611855,0.08906425820508512,130,1.1667002043916976,6.697355334634496,7.322898344445196e-05,0.00929281937897331,0.9926002070029264,0.30886986368712177,0.2924143842511009,0.08672384587833482,130,1.102693675347614,6.160748198278529,0.3738872656175266,1.2565165044340092,0.521489338859965,2.5629240999635177,0.001145266129480332,0.000998808162591428,0.9316917480749299,False,False,0.04937675989927881,Shrinks materially
GS,0.001769136409333769,0.3595821809417589,0.7197521624171553,0.5638134890614536,0.5604057819447461,0.054580254445762866,130,1.3731710339286647,12.8628320882636,0.0024009763187280474,0.5553495418595975,0.5796402537229554,0.6737048256779239,0.6659358929559698,0.047580004441027106,130,1.3392493683125124,13.638106451820297,0.228266405205955,1.398245962919789,0.6877406887929944,6.160686092343215,0.0006318399093942783,-0.0006318399093942783,-0.3571459532802335,False,False,0.10989133661647033,Not absorbed
HD,-0.00040311428000411873,-0.09195168418089837,0.9268801811724331,0.4427031423953136,0.438349260695277,0.04863410100962257,130,0.9592048364624054,10.083655270628268,2.385905021653381e-06,0.0005397278968416682,0.9995702130545997,0.4510560606566154,0.4379859668627254,0.048649827520336315,130,0.9363185412204339,9.325227218346571,0.12884208882586887,0.7718670556681699,0.12027620278436536,1.053724901343155,0.0004055001850257721,0.00040072837498246537,0.9940813185242929,False,False,0.0083529182613018,Shrinks materially
INTC,0.0019417958914931994,0.15994406776291925,0.8731772602295971,0.1743762198178357,0.16792603403516249,0.1346814670895777,130,1.3696759604039093,5.199451332330302,0.0024122596861521103,0.1957199867056006,0.845144625965734,0.17565142097646458,0.15602407385685668,0.1356412867309916,130,1.3429382781227375,4.79712743821073,0.14655945401618362,0.31491111548494555,0.08636333592155841,0.2713728201378112,0.0004704637946589109,-0.0004704637946589109,-0.24228282525468436,False,False,0.0012752011586288914,Not absorbed
IBM,-0.0008015000839732845,-0.13233986080284127,0.8949232893107013,0.2818278780500174,0.2762171583472832,0.06718700722447594,130,0.9313661776301311,7.087330555477103,-0.0019110889959782701,-0.3150938186924712,0.7532116529155488,0.3022391132058958,0.2856257587584172,0.06674888998532626,130,0.995929823071715,7.229392323665811,-0.32189077639010377,-1.4054989882100686,0.22864773792635576,1.4599961172456637,-0.0011095889120049857,-0.0011095889120049857,-1.384390262948457,False,False,0.020411235155878393,Not absorbed
JNJ,0.004819553669205056,1.1857421930831489,0.23792063760221854,0.14320486429135715,0.13651115229363342,0.04509090423026641,130,0.4079310804230049,4.625358226170948,0.003947605150966865,0.9886801708439203,0.32471444701295815,0.19902034711140237,0.17994940299500728,0.04394210956795522,130,0.4589876280865191,5.061009829126601,-0.24788250781210938,-1.6441106077672127,0.2718758227193578,2.637050978142635,-0.0008719485182381911,0.0008719485182381911,0.1809189352552664,False,False,0.055815482820045226,Changes modestly
JPM,0.0045881648337032285,1.0413118373849874,0.299693690862219,0.49679919790418114,0.49286794163780756,0.048879933250765804,130,1.074750973114395,11.241512959209151,0.00466840995953707,1.3632529180944308,0.17523384946838647,0.7055362538196182,0.6985252122438947,0.03768734736135527,130,1.0730014498087497,13.795004365986028,0.06945920358432453,0.5371558151561927,0.823412667121952,9.312168221925765,8.024512583384123e-05,-8.024512583384123e-05,-0.017489590880516225,False,False,0.208737055915437,Not absorbed
MCD,0.0030845089790312286,0.7746224393010933,0.43999134444605725,0.18195941426441253,0.17556847218835325,0.044174166417549336,130,0.461026261348271,5.3358648919736895,0.0017284976102042641,0.44811010526420414,0.654843306087116,0.2563427244970661,0.23863659888985345,0.04245091594948142,130,0.5398536410432884,6.161778372884804,-0.39456157215275456,-2.7089049881637135,0.2578942736052345,2.5893065697188935,-0.0013560113688269645,0.0013560113688269645,0.4396198481007034,False,False,0.07438331023265354,Changes modestly
MRK,0.007654974078745962,1.4398769064545036,0.1523435223816869,0.04318807289385862,0.035712979713341864,0.05897809704902171,130,0.2772789115955941,2.4036631613505643,0.006404793008630822,1.2067978113839348,0.22977082014074235,0.0762533994767256,0.05425943279760015,0.05840817066666748,130,0.34973554109704946,2.9012374068708024,-0.36722614759511646,-1.8324243114445973,0.17486647216439855,1.2760326404333644,-0.0012501810701151398,0.0012501810701151398,0.16331617289028683,False,False,0.03306532658286698,Changes modestly
MSFT,0.009345450302990077,2.014662815384761,0.04603524131581844,0.3893297863250855,0.3845589252807503,0.05146005656492537,130,0.9092497044671085,9.033591169700996,0.007404999480522642,1.8643241369783494,0.06460320656196847,0.566249435005411,0.555922040600778,0.04371259907824092,130,1.0188537319383677,11.293337701197862,-0.615197086137403,-4.101792559134212,-0.5509265940304879,-5.371751908437173,-0.0019404508224674351,0.0019404508224674351,0.2076358826547489,True,False,0.1769196486803255,Partially absorbed
NKE,-0.0114272646286037,-1.8506787563248022,0.0665211542161777,0.27902497447157626,0.2733923570846355,0.06849890713331844,130,0.9429801108512849,7.038277936610671,-0.011741148384556152,-1.875477521240543,0.06304139369551653,0.28201234427509336,0.26491740009116704,0.06889722548672995,130,0.9607172018897034,6.756331309529254,-0.09939064599346387,-0.42044562048215417,-0.08688872312220393,-0.5375149174427454,-0.0003138837559524526,-0.0003138837559524526,-0.02746796947073117,False,False,0.0029873698035171037,Not absorbed
PFE,-0.0021654841290154334,-0.3909404195328106,0.6964912200268398,0.117053132306287,0.11015510990242983,0.06144928416373366,130,0.49510638262067413,4.119354992151733,-0.0031400885104486314,-0.5634287580792324,0.5741442941374744,0.13408893724752713,0.11347200718199213,0.06133465112136315,130,0.5515892026597915,4.357395303911743,-0.28631407674247245,-1.3605134962596048,0.13567731996195007,0.9428230610439542,-0.000974604381433198,-0.000974604381433198,-0.45006304519826473,False,False,0.01703580494124013,Not absorbed
PG,0.0030684441907913905,0.7488945235271552,0.455294773934661,0.09707342659708607,0.09001931274237585,0.0454537764441942,130,0.32980056592036644,3.7096159272934353,0.0009097550111902102,0.23521362543578603,0.8144247799961042,0.2205234267522177,0.20196446072250862,0.04256621165626761,130,0.45428343243833,5.171053158807672,-0.6440240872097132,-4.4096402840983595,0.12125293475549635,1.2141045823778778,-0.0021586891796011804,0.0021586891796011804,0.7035126094453839,False,False,0.12345000015513163,Shrinks materially
TRV,0.004624039722007548,1.0036964758361255,0.31741858773626497,0.20349274751216484,0.19727003460210368,0.05110831402156622,130,0.5716479063492063,5.718532390171218,0.004192481690834432,1.026548078778105,0.3066000172367063,0.3936030609212886,0.3791650385622717,0.04494639868215021,130,0.5987533697537587,6.4546125032154125,-0.09364971004416896,-0.6072640758342897,0.6626838636157396,6.2840601800673594,-0.00043155803117311646,0.00043155803117311646,0.09332922230731909,False,False,0.19011031340912377,Changes modestly
RTX,0.003871854034634494,0.6752894302262309,0.5007099729494939,0.2848277828118646,0.27924049986508226,0.06360648874530127,130,0.8882694818877857,7.139878839202152,0.0031088085835225703,0.5791993426126,0.5634887360124416,0.39283566971179984,0.37837937613350936,0.059070268062869094,130,0.9343939991322332,7.664400719517616,-0.19407184340974,-0.9575459906695515,0.6535466513013658,4.715594924510608,-0.0007630454511119238,0.0007630454511119238,0.19707495279685971,False,False,0.10800788689993523,Changes modestly
UNH,0.0050382850395142564,0.7376178776535764,0.4620967504632433,0.13366176357361403,0.1268934961015329,0.07577460783819642,130,0.6586292466155598,4.443905724400106,0.004846329209408895,0.703363322143813,0.4831270247577323,0.14597006864207884,0.1256360226573665,0.07582915460508995,130,0.670494386689833,4.284262141270667,-0.04468081267188858,-0.17173187128210224,0.23972738599996893,1.3474426048444308,-0.00019195583010536178,0.00019195583010536178,0.03809943832075613,False,False,0.012308305068464809,Changes modestly
VZ,0.0015338465589239377,0.3209327771438324,0.7487847290375097,0.05596444336233186,0.048589165576100046,0.05302006304055233,130,0.285666701507431,2.754653024726584,-0.000450246565494358,-0.0983013075472764,0.9218492499482033,0.16004365438491208,0.14004469377502915,0.05040738101915623,130,0.4006972744761745,3.8515838653112504,-0.5821926444152427,-3.366190060311776,0.28864557558382714,2.440616880921095,-0.0019840931244182957,0.0010835999934295797,0.7064591872799674,False,False,0.10407921102258022,Shrinks materially
V,0.003864083627238297,1.014721458664998,0.31215285233030143,0.43810353512486067,0.4337137189930237,0.042244684397660937,130,0.825448078721853,9.989993685742013,0.0024127670115277333,0.6469015099671066,0.5188724229871984,0.4778043886049401,0.46537115976220067,0.04104688845076863,130,0.9089589355500411,10.729540570613596,-0.43584435434915786,-3.0946906051314067,0.02953642433910287,0.3066948738668355,-0.0014513166157105635,0.0014513166157105635,0.37559140943019276,False,False,0.03970085348007946,Changes modestly
WMT,0.009515797941602153,2.112696402667677,0.036569043637260504,0.1462934116102239,0.13962382888842884,0.04996668258292853,130,0.4577159495458054,4.683419418113343,0.008011686939530084,1.8129529246350888,0.07221959306753134,0.20386062853522613,0.1849049292146363,0.048634052918940615,130,0.5437941178989103,5.4176525203770005,-0.45914164982257955,-2.751517505842894,-0.1047595437346749,-0.9180830615355771,-0.001504111002072069,0.001504111002072069,0.1580646217272269,True,False,0.05756721692500222,Partially absorbed
DIS,-0.01169746738719205,-2.0683701649085635,0.04061866151479923,0.46264950076929257,0.45845144999405263,0.06273876652415757,130,1.2882218430831172,10.497894535200718,-0.01147067893206563,-1.9998931330076115,0.04766230795377201,0.4645523845293499,0.4518036317800488,0.0631226690845393,130,1.2754643920190145,9.79039216560726,0.07272974987060737,0.3358093564513112,0.07946988274540184,0.5365943029935978,0.00022678845512642126,0.00022678845512642126,0.019387825383017487,True,False,0.0019028837600573167,Partially absorbed
