Ticker,FF3_Alpha_monthly,FF3_t_Alpha,FF3_p_Alpha,FF3_R_squared,FF3_Adj_R_squared,FF3_Residual_std_monthly,FF3_N,FF3_Beta_Mkt_RF,FF3_t_Mkt_RF,FF3_Beta_SMB,FF3_t_SMB,FF3_Beta_HML,FF3_t_HML
MMM,-0.004565788051669556,-0.9524153602880732,0.3427098495577191,0.4248650178023454,0.4111713277500204,0.05275849228125357,130,0.9235366247581427,8.481620783815794,0.034261085327351275,0.18926695427335277,0.43855450931511275,3.5429093832588796
AXP,0.0017387284165087265,0.3848960806939382,0.7009633288181776,0.5719557918478267,0.5617642630822988,0.04971543946815434,130,1.1611046639073717,11.316110790591667,0.19203108823873355,1.125761295199492,0.46297082629081043,3.9690921497690437
AAPL,0.007761176470501729,1.467956042662455,0.14460807844925086,0.4735554464459574,0.46102105231371826,0.058185869284336666,130,1.1700549556157867,9.74329467295649,-0.21227570244018787,-1.063282858469777,-0.46412041222413214,-3.399710854896815
BA,-0.005733691611278524,-0.6990874712894588,0.4857858377311507,0.3543983644007397,0.3390268968864716,0.0902621826707554,130,1.3290819179140463,7.134491458330696,0.34938670241390485,1.1281493394417417,0.48822765921008565,2.305395217764834
CAT,0.010628396608475733,1.6478498170077462,0.10187501539491148,0.4191031369417151,0.4052722592498512,0.07098280278629418,130,1.1862433504341874,8.097253787981376,0.31729473169169425,1.3027940618509548,0.4835572088793828,2.903511550603496
CVX,0.0019350592914445938,0.3583917020139487,0.7206499568906729,0.46350720370744014,0.4507335657004745,0.05942091711589851,130,0.876705890041686,7.148775814829004,0.029226303477865458,0.1433509554384553,1.0063093761217852,7.218068649556231
CSCO,0.0029836351565196173,0.5677163856818837,0.5712377744764634,0.35402741257889236,0.3386471128783899,0.05783853794832413,130,0.9686321224313796,8.114442088071442,-0.19078631740441357,-0.9613819673674897,-0.03664166357188308,-0.2700142696152492
KO,0.001006103322714922,0.29361535051445153,0.7695349226055315,0.34757556920043786,0.33204165418140075,0.037710895518733384,130,0.5374175759288353,6.904975214501753,-0.6492066249861802,-5.017439565550259,0.34534745402182243,3.903177058773863
XOM,0.002247212178387756,0.41097576110624584,0.6817884248758119,0.4404136216940231,0.4270901364962618,0.06017704958955058,130,0.7339608781946038,5.909614133712253,0.041907417865032374,0.20296729526025845,1.0922581908815538,7.736121087078771
GE,7.322898344445196e-05,0.00929281937897331,0.9926002070029264,0.30886986368712177,0.2924143842511009,0.08672384587833482,130,1.102693675347614,6.160748198278529,0.3738872656175266,1.2565165044340092,0.521489338859965,2.5629240999635177
GS,0.0024009763187280474,0.5553495418595975,0.5796402537229554,0.6737048256779239,0.6659358929559698,0.047580004441027106,130,1.3392493683125124,13.638106451820297,0.228266405205955,1.398245962919789,0.6877406887929944,6.160686092343215
HD,2.385905021653381e-06,0.0005397278968416682,0.9995702130545997,0.4510560606566154,0.4379859668627254,0.048649827520336315,130,0.9363185412204339,9.325227218346571,0.12884208882586887,0.7718670556681699,0.12027620278436536,1.053724901343155
INTC,0.0024122596861521103,0.1957199867056006,0.845144625965734,0.17565142097646458,0.15602407385685668,0.1356412867309916,130,1.3429382781227375,4.79712743821073,0.14655945401618362,0.31491111548494555,0.08636333592155841,0.2713728201378112
IBM,-0.0019110889959782701,-0.3150938186924712,0.7532116529155488,0.3022391132058958,0.2856257587584172,0.06674888998532626,130,0.995929823071715,7.229392323665811,-0.32189077639010377,-1.4054989882100686,0.22864773792635576,1.4599961172456637
JNJ,0.003947605150966865,0.9886801708439203,0.32471444701295815,0.19902034711140237,0.17994940299500728,0.04394210956795522,130,0.4589876280865191,5.061009829126601,-0.24788250781210938,-1.6441106077672127,0.2718758227193578,2.637050978142635
JPM,0.00466840995953707,1.3632529180944308,0.17523384946838647,0.7055362538196182,0.6985252122438947,0.03768734736135527,130,1.0730014498087497,13.795004365986028,0.06945920358432453,0.5371558151561927,0.823412667121952,9.312168221925765
MCD,0.0017284976102042641,0.44811010526420414,0.654843306087116,0.2563427244970661,0.23863659888985345,0.04245091594948142,130,0.5398536410432884,6.161778372884804,-0.39456157215275456,-2.7089049881637135,0.2578942736052345,2.5893065697188935
MRK,0.006404793008630822,1.2067978113839348,0.22977082014074235,0.0762533994767256,0.05425943279760015,0.05840817066666748,130,0.34973554109704946,2.9012374068708024,-0.36722614759511646,-1.8324243114445973,0.17486647216439855,1.2760326404333644
MSFT,0.007404999480522642,1.8643241369783494,0.06460320656196847,0.566249435005411,0.555922040600778,0.04371259907824092,130,1.0188537319383677,11.293337701197862,-0.615197086137403,-4.101792559134212,-0.5509265940304879,-5.371751908437173
NKE,-0.011741148384556152,-1.875477521240543,0.06304139369551653,0.28201234427509336,0.26491740009116704,0.06889722548672995,130,0.9607172018897034,6.756331309529254,-0.09939064599346387,-0.42044562048215417,-0.08688872312220393,-0.5375149174427454
PFE,-0.0031400885104486314,-0.5634287580792324,0.5741442941374744,0.13408893724752713,0.11347200718199213,0.06133465112136315,130,0.5515892026597915,4.357395303911743,-0.28631407674247245,-1.3605134962596048,0.13567731996195007,0.9428230610439542
PG,0.0009097550111902102,0.23521362543578603,0.8144247799961042,0.2205234267522177,0.20196446072250862,0.04256621165626761,130,0.45428343243833,5.171053158807672,-0.6440240872097132,-4.4096402840983595,0.12125293475549635,1.2141045823778778
TRV,0.004192481690834432,1.026548078778105,0.3066000172367063,0.3936030609212886,0.3791650385622717,0.04494639868215021,130,0.5987533697537587,6.4546125032154125,-0.09364971004416896,-0.6072640758342897,0.6626838636157396,6.2840601800673594
RTX,0.0031088085835225703,0.5791993426126,0.5634887360124416,0.39283566971179984,0.37837937613350936,0.059070268062869094,130,0.9343939991322332,7.664400719517616,-0.19407184340974,-0.9575459906695515,0.6535466513013658,4.715594924510608
UNH,0.004846329209408895,0.703363322143813,0.4831270247577323,0.14597006864207884,0.1256360226573665,0.07582915460508995,130,0.670494386689833,4.284262141270667,-0.04468081267188858,-0.17173187128210224,0.23972738599996893,1.3474426048444308
VZ,-0.000450246565494358,-0.0983013075472764,0.9218492499482033,0.16004365438491208,0.14004469377502915,0.05040738101915623,130,0.4006972744761745,3.8515838653112504,-0.5821926444152427,-3.366190060311776,0.28864557558382714,2.440616880921095
V,0.0024127670115277333,0.6469015099671066,0.5188724229871984,0.4778043886049401,0.46537115976220067,0.04104688845076863,130,0.9089589355500411,10.729540570613596,-0.43584435434915786,-3.0946906051314067,0.02953642433910287,0.3066948738668355
WMT,0.008011686939530084,1.8129529246350888,0.07221959306753134,0.20386062853522613,0.1849049292146363,0.048634052918940615,130,0.5437941178989103,5.4176525203770005,-0.45914164982257955,-2.751517505842894,-0.1047595437346749,-0.9180830615355771
DIS,-0.01147067893206563,-1.9998931330076115,0.04766230795377201,0.4645523845293499,0.4518036317800488,0.0631226690845393,130,1.2754643920190145,9.79039216560726,0.07272974987060737,0.3358093564513112,0.07946988274540184,0.5365943029935978
