Ticker,Alpha_monthly,Beta,t_Alpha,p_Alpha,R_squared,N
MMM,-0.004599459258962265,0.9239472969639297,-0.9283772862153631,0.354959268269444,0.3659349841586679,130
AXP,0.0011861030465697042,1.1912551246574723,0.2492882800627032,0.803537384672101,0.5098472996496068,130
AAPL,0.008380754391507952,1.1360606806711786,1.529512323643588,0.12860507346661684,0.4163371273101115,130
BA,-0.006803743086533435,1.3888814270064445,-0.819484272341817,0.4140334334929965,0.31710843940845046,130
CAT,0.009663959517485212,1.2399893612686486,1.4591478672406337,0.14697411701684493,0.3677504071132819,130
CVX,0.0020216481229796495,0.8682315910339776,0.31912012578662696,0.7501556162565177,0.23761883463082134,130
CSCO,0.0036098922541057043,0.9327680546029236,0.6949152720132626,0.4883679392831078,0.3485389384868205,130
KO,0.0032228599981309314,0.4088185666616143,0.8416883540513922,0.40153219942516294,0.15906778973942703,130
XOM,0.0023074077929203986,0.72670465387819,0.35188106054254387,0.7255060969746896,0.1692956250860096,130
GE,-0.0010720371460358775,1.1667002043916974,-0.13352997768444244,0.8939839676068306,0.25949310378784296,130
GS,0.001769136409333774,1.373171033928664,0.35958218094176,0.7197521624171545,0.5638134890614536,130
HD,-0.00040311428000411624,0.9592048364624054,-0.09195168418089782,0.9268801811724335,0.4427031423953136,130
INTC,0.0019417958914932035,1.3696759604039093,0.15994406776291958,0.8731772602295967,0.17437621981783558,130
IBM,-0.0008015000839732816,0.9313661776301312,-0.13233986080284083,0.8949232893107018,0.2818278780500174,130
JNJ,0.004819553669205057,0.4079310804230048,1.185742193083149,0.23792063760221846,0.14320486429135715,130
JPM,0.004588164833703234,1.0747509731143952,1.041311837384989,0.2996936908622181,0.49679919790418114,130
MCD,0.0030845089790312308,0.46102626134827107,0.774622439301094,0.439991344446057,0.18195941426441253,130
MRK,0.007654974078745961,0.2772789115955941,1.4398769064545034,0.15234352238168689,0.04318807289385851,130
MSFT,0.009345450302990081,0.9092497044671087,2.0146628153847623,0.04603524131581836,0.3893297863250855,130
NKE,-0.011427264628603696,0.942980110851285,-1.850678756324802,0.06652115421617776,0.27902497447157637,130
PFE,-0.0021654841290154317,0.4951063826206741,-0.39094041953281033,0.6964912200268404,0.11705313230628678,130
PG,0.0030684441907913927,0.32980056592036655,0.7488945235271559,0.4552947739346605,0.09707342659708651,130
TRV,0.004624039722007549,0.5716479063492064,1.003696475836126,0.3174185877362645,0.20349274751216506,130
RTX,0.0038718540346344976,0.8882694818877854,0.6752894302262316,0.5007099729494934,0.2848277828118646,130
UNH,0.005038285039514262,0.6586292466155599,0.7376178776535773,0.4620967504632429,0.13366176357361403,130
VZ,0.0015338465589239412,0.2856667015074311,0.3209327771438332,0.7487847290375091,0.05596444336233186,130
V,0.003864083627238301,0.8254480787218532,1.014721458664999,0.31215285233030077,0.43810353512486067,130
WMT,0.009515797941602157,0.45771594954580536,2.1126964026676784,0.036569043637260386,0.1462934116102238,130
DIS,-0.011697467387192045,1.2882218430831172,-2.0683701649085626,0.04061866151479934,0.46264950076929257,130
