Ticker,Beta,Mean_excess_return,CAPM_predicted_excess_return,Deviation_from_CAPM
MMM,0.9239472969639297,0.005233472166803868,0.009832931425766129,-0.004599459258962261
AXP,1.1912551246574723,0.013863806623212883,0.012677703576643176,0.0011861030465697073
AAPL,1.1360606806711786,0.020471061712343162,0.012090307320835197,0.008380754391507966
BA,1.3888814270064445,0.007977160407800533,0.014780903494333968,-0.006803743086533434
CAT,1.2399893612686486,0.02286030783529426,0.013196348317809041,0.00966395951748522
CVX,0.8682315910339776,0.011261635862945096,0.009239987739965446,0.00202164812297965
CSCO,0.9327680546029236,0.013536696896745285,0.009926804642639574,0.0036098922541057104
KO,0.4088185666616143,0.0075736329748720375,0.004350772976741103,0.0032228599981309345
XOM,0.72670465387819,0.010041222320924064,0.007733814528003661,0.002307407792920403
GE,1.1667002043916974,0.011344345413778847,0.012416382559814719,-0.0010720371460358723
GS,1.373171033928664,0.016382845066566915,0.014613708657233129,0.0017691364093337866
HD,0.9592048364624054,0.009805038729578486,0.0102081530095826,-0.0004031142800041132
INTC,1.3696759604039093,0.016518308900868656,0.01457651300937545,0.001941795891493207
IBM,0.9313661776301312,0.00911038535257508,0.009911885436548357,-0.0008015000839732764
JNJ,0.4079310804230048,0.009160881744322195,0.0043413280751171315,0.004819553669205064
JPM,1.0747509731143952,0.016025995382193743,0.011437830548490506,0.004588164833703237
MCD,0.46102626134827107,0.007990892306533793,0.004906383327502562,0.0030845089790312308
MRK,0.2772789115955941,0.010605861572534464,0.0029508874937884955,0.007654974078745968
MSFT,0.9092497044671087,0.019021965427068896,0.009676515124078806,0.00934545030299009
NKE,0.942980110851285,-0.0013917801411979104,0.01003548448740579,-0.0114272646286037
PFE,0.4951063826206741,0.0031035903352592013,0.0052690744642746356,-0.0021654841290154343
PG,0.32980056592036655,0.006578283290413141,0.003509839099621747,0.0030684441907913944
TRV,0.5716479063492064,0.0107076926330393,0.006083652911031746,0.0046240397220075535
RTX,0.8882694818877854,0.013325091174571053,0.009453237139936546,0.0038718540346345063
UNH,0.6586292466155599,0.012047620137149858,0.007009335097635593,0.005038285039514264
VZ,0.2856667015074311,0.004573999493812639,0.0030401529348887,0.001533846558923939
V,0.8254480787218532,0.012648756065020488,0.008784672437782184,0.0038640836272383038
WMT,0.45771594954580536,0.01438695191234541,0.004871153970743244,0.009515797941602165
DIS,1.2882218430831172,0.002012185842850201,0.013709653230042251,-0.01169746738719205
