Ticker,Beta,Mean_excess_return
MMM,0.9239472969639297,0.005233472166803868
AXP,1.1912551246574723,0.013863806623212883
AAPL,1.1360606806711786,0.020471061712343162
BA,1.3888814270064445,0.007977160407800533
CAT,1.2399893612686486,0.02286030783529426
CVX,0.8682315910339776,0.011261635862945096
CSCO,0.9327680546029236,0.013536696896745285
KO,0.4088185666616143,0.0075736329748720375
XOM,0.72670465387819,0.010041222320924064
GE,1.1667002043916974,0.011344345413778847
GS,1.373171033928664,0.016382845066566915
HD,0.9592048364624054,0.009805038729578486
INTC,1.3696759604039093,0.016518308900868656
IBM,0.9313661776301312,0.00911038535257508
JNJ,0.4079310804230048,0.009160881744322195
JPM,1.0747509731143952,0.016025995382193743
MCD,0.46102626134827107,0.007990892306533793
MRK,0.2772789115955941,0.010605861572534464
MSFT,0.9092497044671087,0.019021965427068896
NKE,0.942980110851285,-0.0013917801411979104
PFE,0.4951063826206741,0.0031035903352592013
PG,0.32980056592036655,0.006578283290413141
TRV,0.5716479063492064,0.0107076926330393
RTX,0.8882694818877854,0.013325091174571053
UNH,0.6586292466155599,0.012047620137149858
VZ,0.2856667015074311,0.004573999493812639
V,0.8254480787218532,0.012648756065020488
WMT,0.45771594954580536,0.01438695191234541
DIS,1.2882218430831172,0.002012185842850201
