ticker,provider_symbol,as_of_date,currency,market_cap,field,period_type,provider,source,share_scope,source_raw,source_metadata,fetched_at_utc,endpoint,scope_limit
MMM,MMM,2026-08-31,USD,88616582913,monthlyMarketCap,1M,Yahoo Finance,yahoo_finance_monthly_marketcap_20260831_20261006,provider_reported_company_equity_market_cap,data/raw/yahoo_market_caps/MMM_monthlyMarketCap_2026-08-31.json,data/raw/yahoo_market_caps/MMM_monthlyMarketCap_2026-08-31.metadata.json,2026-10-06T02:04:37.417605+00:00,https://query1.finance.yahoo.com/ws/fundamentals-timeseries/v1/finance/timeseries/MMM,Native provider value; daily share ledger and exact multiclass valuation formula not independently certified.
AXP,AXP,2026-08-31,USD,222967047561,monthlyMarketCap,1M,Yahoo Finance,yahoo_finance_monthly_marketcap_20260831_20261006,provider_reported_company_equity_market_cap,data/raw/yahoo_market_caps/AXP_monthlyMarketCap_2026-08-31.json,data/raw/yahoo_market_caps/AXP_monthlyMarketCap_2026-08-31.metadata.json,2026-10-06T02:04:30.398468+00:00,https://query1.finance.yahoo.com/ws/fundamentals-timeseries/v1/finance/timeseries/AXP,Native provider value; daily share ledger and exact multiclass valuation formula not independently certified.
AAPL,AAPL,2026-08-31,USD,4624165933000,monthlyMarketCap,1M,Yahoo Finance,yahoo_finance_monthly_marketcap_20260831_20261006,provider_reported_company_equity_market_cap,data/raw/yahoo_market_caps/AAPL_monthlyMarketCap_2026-08-31.json,data/raw/yahoo_market_caps/AAPL_monthlyMarketCap_2026-08-31.metadata.json,2026-10-06T02:04:30.406914+00:00,https://query1.finance.yahoo.com/ws/fundamentals-timeseries/v1/finance/timeseries/AAPL,Native provider value; daily share ledger and exact multiclass valuation formula not independently certified.
BA,BA,2026-08-31,USD,164223082755,monthlyMarketCap,1M,Yahoo Finance,yahoo_finance_monthly_marketcap_20260831_20261006,provider_reported_company_equity_market_cap,data/raw/yahoo_market_caps/BA_monthlyMarketCap_2026-08-31.json,data/raw/yahoo_market_caps/BA_monthlyMarketCap_2026-08-31.metadata.json,2026-10-06T02:04:37.724545+00:00,https://query1.finance.yahoo.com/ws/fundamentals-timeseries/v1/finance/timeseries/BA,Native provider value; daily share ledger and exact multiclass valuation formula not independently certified.
CAT,CAT,2026-08-31,USD,366576933730,monthlyMarketCap,1M,Yahoo Finance,yahoo_finance_monthly_marketcap_20260831_20261006,provider_reported_company_equity_market_cap,data/raw/yahoo_market_caps/CAT_monthlyMarketCap_2026-08-31.json,data/raw/yahoo_market_caps/CAT_monthlyMarketCap_2026-08-31.metadata.json,2026-10-06T02:04:37.776616+00:00,https://query1.finance.yahoo.com/ws/fundamentals-timeseries/v1/finance/timeseries/CAT,Native provider value; daily share ledger and exact multiclass valuation formula not independently certified.
CVX,CVX,2026-08-31,USD,404364898902,monthlyMarketCap,1M,Yahoo Finance,yahoo_finance_monthly_marketcap_20260831_20261006,provider_reported_company_equity_market_cap,data/raw/yahoo_market_caps/CVX_monthlyMarketCap_2026-08-31.json,data/raw/yahoo_market_caps/CVX_monthlyMarketCap_2026-08-31.metadata.json,2026-10-06T02:04:37.744496+00:00,https://query1.finance.yahoo.com/ws/fundamentals-timeseries/v1/finance/timeseries/CVX,Native provider value; daily share ledger and exact multiclass valuation formula not independently certified.
CSCO,CSCO,2026-08-31,USD,435616423597,monthlyMarketCap,1M,Yahoo Finance,yahoo_finance_monthly_marketcap_20260831_20261006,provider_reported_company_equity_market_cap,data/raw/yahoo_market_caps/CSCO_monthlyMarketCap_2026-08-31.json,data/raw/yahoo_market_caps/CSCO_monthlyMarketCap_2026-08-31.metadata.json,2026-10-06T02:04:37.973098+00:00,https://query1.finance.yahoo.com/ws/fundamentals-timeseries/v1/finance/timeseries/CSCO,Native provider value; daily share ledger and exact multiclass valuation formula not independently certified.
KO,KO,2026-08-31,USD,381507041376,monthlyMarketCap,1M,Yahoo Finance,yahoo_finance_monthly_marketcap_20260831_20261006,provider_reported_company_equity_market_cap,data/raw/yahoo_market_caps/KO_monthlyMarketCap_2026-08-31.json,data/raw/yahoo_market_caps/KO_monthlyMarketCap_2026-08-31.metadata.json,2026-10-06T02:04:45.126971+00:00,https://query1.finance.yahoo.com/ws/fundamentals-timeseries/v1/finance/timeseries/KO,Native provider value; daily share ledger and exact multiclass valuation formula not independently certified.
XOM,XOM,2026-08-31,USD,661812229962,monthlyMarketCap,1M,Yahoo Finance,yahoo_finance_monthly_marketcap_20260831_20261006,provider_reported_company_equity_market_cap,data/raw/yahoo_market_caps/XOM_monthlyMarketCap_2026-08-31.json,data/raw/yahoo_market_caps/XOM_monthlyMarketCap_2026-08-31.metadata.json,2026-10-06T02:04:45.137284+00:00,https://query1.finance.yahoo.com/ws/fundamentals-timeseries/v1/finance/timeseries/XOM,Native provider value; daily share ledger and exact multiclass valuation formula not independently certified.
GE,GE,2026-08-31,USD,348320111239,monthlyMarketCap,1M,Yahoo Finance,yahoo_finance_monthly_marketcap_20260831_20261006,provider_reported_company_equity_market_cap,data/raw/yahoo_market_caps/GE_monthlyMarketCap_2026-08-31.json,data/raw/yahoo_market_caps/GE_monthlyMarketCap_2026-08-31.metadata.json,2026-10-06T02:04:52.341240+00:00,https://query1.finance.yahoo.com/ws/fundamentals-timeseries/v1/finance/timeseries/GE,Native provider value; daily share ledger and exact multiclass valuation formula not independently certified.
GS,GS,2026-08-31,USD,298712747467,monthlyMarketCap,1M,Yahoo Finance,yahoo_finance_monthly_marketcap_20260831_20261006,provider_reported_company_equity_market_cap,data/raw/yahoo_market_caps/GS_monthlyMarketCap_2026-08-31.json,data/raw/yahoo_market_caps/GS_monthlyMarketCap_2026-08-31.metadata.json,2026-10-06T02:04:52.410689+00:00,https://query1.finance.yahoo.com/ws/fundamentals-timeseries/v1/finance/timeseries/GS,Native provider value; daily share ledger and exact multiclass valuation formula not independently certified.
HD,HD,2026-08-31,USD,327072590091,monthlyMarketCap,1M,Yahoo Finance,yahoo_finance_monthly_marketcap_20260831_20261006,provider_reported_company_equity_market_cap,data/raw/yahoo_market_caps/HD_monthlyMarketCap_2026-08-31.json,data/raw/yahoo_market_caps/HD_monthlyMarketCap_2026-08-31.metadata.json,2026-10-06T02:04:45.392545+00:00,https://query1.finance.yahoo.com/ws/fundamentals-timeseries/v1/finance/timeseries/HD,Native provider value; daily share ledger and exact multiclass valuation formula not independently certified.
INTC,INTC,2026-08-31,USD,473159282001,monthlyMarketCap,1M,Yahoo Finance,yahoo_finance_monthly_marketcap_20260831_20261006,provider_reported_company_equity_market_cap,data/raw/yahoo_market_caps/INTC_monthlyMarketCap_2026-08-31.json,data/raw/yahoo_market_caps/INTC_monthlyMarketCap_2026-08-31.metadata.json,2026-10-06T02:04:52.656815+00:00,https://query1.finance.yahoo.com/ws/fundamentals-timeseries/v1/finance/timeseries/INTC,Native provider value; daily share ledger and exact multiclass valuation formula not independently certified.
IBM,IBM,2026-08-31,USD,220336969789,monthlyMarketCap,1M,Yahoo Finance,yahoo_finance_monthly_marketcap_20260831_20261006,provider_reported_company_equity_market_cap,data/raw/yahoo_market_caps/IBM_monthlyMarketCap_2026-08-31.json,data/raw/yahoo_market_caps/IBM_monthlyMarketCap_2026-08-31.metadata.json,2026-10-06T02:05:06.674307+00:00,https://query1.finance.yahoo.com/ws/fundamentals-timeseries/v1/finance/timeseries/IBM,Native provider value; daily share ledger and exact multiclass valuation formula not independently certified.
JNJ,JNJ,2026-08-31,USD,640671542012,monthlyMarketCap,1M,Yahoo Finance,yahoo_finance_monthly_marketcap_20260831_20261006,provider_reported_company_equity_market_cap,data/raw/yahoo_market_caps/JNJ_monthlyMarketCap_2026-08-31.json,data/raw/yahoo_market_caps/JNJ_monthlyMarketCap_2026-08-31.metadata.json,2026-10-06T02:04:52.678564+00:00,https://query1.finance.yahoo.com/ws/fundamentals-timeseries/v1/finance/timeseries/JNJ,Native provider value; daily share ledger and exact multiclass valuation formula not independently certified.
JPM,JPM,2026-08-31,USD,946367449143,monthlyMarketCap,1M,Yahoo Finance,yahoo_finance_monthly_marketcap_20260831_20261006,provider_reported_company_equity_market_cap,data/raw/yahoo_market_caps/JPM_monthlyMarketCap_2026-08-31.json,data/raw/yahoo_market_caps/JPM_monthlyMarketCap_2026-08-31.metadata.json,2026-10-06T02:04:59.989603+00:00,https://query1.finance.yahoo.com/ws/fundamentals-timeseries/v1/finance/timeseries/JPM,Native provider value; daily share ledger and exact multiclass valuation formula not independently certified.
MCD,MCD,2026-08-31,USD,186491849079,monthlyMarketCap,1M,Yahoo Finance,yahoo_finance_monthly_marketcap_20260831_20261006,provider_reported_company_equity_market_cap,data/raw/yahoo_market_caps/MCD_monthlyMarketCap_2026-08-31.json,data/raw/yahoo_market_caps/MCD_monthlyMarketCap_2026-08-31.metadata.json,2026-10-06T02:05:00.020731+00:00,https://query1.finance.yahoo.com/ws/fundamentals-timeseries/v1/finance/timeseries/MCD,Native provider value; daily share ledger and exact multiclass valuation formula not independently certified.
MRK,MRK,2026-08-31,USD,364549281230,monthlyMarketCap,1M,Yahoo Finance,yahoo_finance_monthly_marketcap_20260831_20261006,provider_reported_company_equity_market_cap,data/raw/yahoo_market_caps/MRK_monthlyMarketCap_2026-08-31.json,data/raw/yahoo_market_caps/MRK_monthlyMarketCap_2026-08-31.metadata.json,2026-10-06T02:05:00.291486+00:00,https://query1.finance.yahoo.com/ws/fundamentals-timeseries/v1/finance/timeseries/MRK,Native provider value; daily share ledger and exact multiclass valuation formula not independently certified.
MSFT,MSFT,2026-08-31,USD,3766904972129,monthlyMarketCap,1M,Yahoo Finance,yahoo_finance_monthly_marketcap_20260831_20261006,provider_reported_company_equity_market_cap,data/raw/yahoo_market_caps/MSFT_monthlyMarketCap_2026-08-31.json,data/raw/yahoo_market_caps/MSFT_monthlyMarketCap_2026-08-31.metadata.json,2026-10-06T02:05:00.253078+00:00,https://query1.finance.yahoo.com/ws/fundamentals-timeseries/v1/finance/timeseries/MSFT,Native provider value; daily share ledger and exact multiclass valuation formula not independently certified.
NKE,NKE,2026-08-31,USD,57945459339,monthlyMarketCap,1M,Yahoo Finance,yahoo_finance_monthly_marketcap_20260831_20261006,provider_reported_company_equity_market_cap,data/raw/yahoo_market_caps/NKE_monthlyMarketCap_2026-08-31.json,data/raw/yahoo_market_caps/NKE_monthlyMarketCap_2026-08-31.metadata.json,2026-10-06T02:05:07.553508+00:00,https://query1.finance.yahoo.com/ws/fundamentals-timeseries/v1/finance/timeseries/NKE,Native provider value; daily share ledger and exact multiclass valuation formula not independently certified.
PFE,PFE,2026-08-31,USD,162212710342,monthlyMarketCap,1M,Yahoo Finance,yahoo_finance_monthly_marketcap_20260831_20261006,provider_reported_company_equity_market_cap,data/raw/yahoo_market_caps/PFE_monthlyMarketCap_2026-08-31.json,data/raw/yahoo_market_caps/PFE_monthlyMarketCap_2026-08-31.metadata.json,2026-10-06T02:05:14.603344+00:00,https://query1.finance.yahoo.com/ws/fundamentals-timeseries/v1/finance/timeseries/PFE,Native provider value; daily share ledger and exact multiclass valuation formula not independently certified.
PG,PG,2026-08-31,USD,337066205917,monthlyMarketCap,1M,Yahoo Finance,yahoo_finance_monthly_marketcap_20260831_20261006,provider_reported_company_equity_market_cap,data/raw/yahoo_market_caps/PG_monthlyMarketCap_2026-08-31.json,data/raw/yahoo_market_caps/PG_monthlyMarketCap_2026-08-31.metadata.json,2026-10-06T02:05:13.974031+00:00,https://query1.finance.yahoo.com/ws/fundamentals-timeseries/v1/finance/timeseries/PG,Native provider value; daily share ledger and exact multiclass valuation formula not independently certified.
TRV,TRV,2026-08-31,USD,76323857800,monthlyMarketCap,1M,Yahoo Finance,yahoo_finance_monthly_marketcap_20260831_20261006,provider_reported_company_equity_market_cap,data/raw/yahoo_market_caps/TRV_monthlyMarketCap_2026-08-31.json,data/raw/yahoo_market_caps/TRV_monthlyMarketCap_2026-08-31.metadata.json,2026-10-06T02:05:14.841858+00:00,https://query1.finance.yahoo.com/ws/fundamentals-timeseries/v1/finance/timeseries/TRV,Native provider value; daily share ledger and exact multiclass valuation formula not independently certified.
RTX,RTX,2026-08-31,USD,279969799253,monthlyMarketCap,1M,Yahoo Finance,yahoo_finance_monthly_marketcap_20260831_20261006,provider_reported_company_equity_market_cap,data/raw/yahoo_market_caps/RTX_monthlyMarketCap_2026-08-31.json,data/raw/yahoo_market_caps/RTX_monthlyMarketCap_2026-08-31.metadata.json,2026-10-06T02:05:14.228246+00:00,https://query1.finance.yahoo.com/ws/fundamentals-timeseries/v1/finance/timeseries/RTX,Native provider value; daily share ledger and exact multiclass valuation formula not independently certified.
UNH,UNH,2026-08-31,USD,349532409370,monthlyMarketCap,1M,Yahoo Finance,yahoo_finance_monthly_marketcap_20260831_20261006,provider_reported_company_equity_market_cap,data/raw/yahoo_market_caps/UNH_monthlyMarketCap_2026-08-31.json,data/raw/yahoo_market_caps/UNH_monthlyMarketCap_2026-08-31.metadata.json,2026-10-06T02:05:14.477188+00:00,https://query1.finance.yahoo.com/ws/fundamentals-timeseries/v1/finance/timeseries/UNH,Native provider value; daily share ledger and exact multiclass valuation formula not independently certified.
VZ,VZ,2026-08-31,USD,207821855604,monthlyMarketCap,1M,Yahoo Finance,yahoo_finance_monthly_marketcap_20260831_20261006,provider_reported_company_equity_market_cap,data/raw/yahoo_market_caps/VZ_monthlyMarketCap_2026-08-31.json,data/raw/yahoo_market_caps/VZ_monthlyMarketCap_2026-08-31.metadata.json,2026-10-06T02:05:21.776891+00:00,https://query1.finance.yahoo.com/ws/fundamentals-timeseries/v1/finance/timeseries/VZ,Native provider value; daily share ledger and exact multiclass valuation formula not independently certified.
V,V,2026-08-31,USD,712212264804,monthlyMarketCap,1M,Yahoo Finance,yahoo_finance_monthly_marketcap_20260831_20261006,provider_reported_company_equity_market_cap,data/raw/yahoo_market_caps/V_monthlyMarketCap_2026-08-31.json,data/raw/yahoo_market_caps/V_monthlyMarketCap_2026-08-31.metadata.json,2026-10-06T02:05:21.925330+00:00,https://query1.finance.yahoo.com/ws/fundamentals-timeseries/v1/finance/timeseries/V,Native provider value; daily share ledger and exact multiclass valuation formula not independently certified.
WMT,WMT,2026-08-31,USD,832011968293,monthlyMarketCap,1M,Yahoo Finance,yahoo_finance_monthly_marketcap_20260831_20261006,provider_reported_company_equity_market_cap,data/raw/yahoo_market_caps/WMT_monthlyMarketCap_2026-08-31.json,data/raw/yahoo_market_caps/WMT_monthlyMarketCap_2026-08-31.metadata.json,2026-10-06T02:05:29.169357+00:00,https://query1.finance.yahoo.com/ws/fundamentals-timeseries/v1/finance/timeseries/WMT,Native provider value; daily share ledger and exact multiclass valuation formula not independently certified.
DIS,DIS,2026-08-31,USD,185705176310,monthlyMarketCap,1M,Yahoo Finance,yahoo_finance_monthly_marketcap_20260831_20261006,provider_reported_company_equity_market_cap,data/raw/yahoo_market_caps/DIS_monthlyMarketCap_2026-08-31.json,data/raw/yahoo_market_caps/DIS_monthlyMarketCap_2026-08-31.metadata.json,2026-10-06T02:05:22.106408+00:00,https://query1.finance.yahoo.com/ws/fundamentals-timeseries/v1/finance/timeseries/DIS,Native provider value; daily share ledger and exact multiclass valuation formula not independently certified.
