ticker,MMM,AXP,AAPL,BA,CAT,CVX,CSCO,KO,XOM,GE,GS,HD,INTC,IBM,JNJ,JPM,MCD,MRK,MSFT,NKE,PFE,PG,TRV,RTX,UNH,VZ,V,WMT,DIS
MMM,0.0047425826292087905,0.0022214720824222842,0.0019912852194189936,0.0025782662620639817,0.0032373158008199049,0.0021522557796227137,0.0019040458364396121,0.0014073544019455675,0.001912761493262326,0.0027481999181205785,0.0028570835256444666,0.0022516677675144276,0.0021079706221206317,0.0021427073772784847,0.0016223319545280775,0.0025049038617979084,0.0013124127877501769,0.00076027451220908463,0.0011369965736951863,0.0023940736127222207,0.0014907715260825698,0.0010006986157595019,0.001688044446894786,0.002589562568744755,0.0018740738583679485,0.00080508954255262386,0.0016690737687978878,0.0011276411009015636,0.001730126406896863
AXP,0.0022214720824222842,0.00564985021015579,0.0020637430283663573,0.0044745090146861557,0.0031346529965160189,0.0028369351193716502,0.0022923299640871639,0.001196398970728591,0.0025476934548668796,0.0039885609063869659,0.0041482233308751428,0.0021006563597464013,0.0028669979056694661,0.0026422098640261245,0.00080676863955083332,0.003605959260291097,0.0012280320243874697,0.00078747298956072785,0.0015558406983397397,0.0023879117646483797,0.00046180882727755025,0.00051816008308166463,0.0019118235124901144,0.0033666187785996501,0.001678955034595522,0.00051402728297143059,0.0028357961320106353,0.00076220920575420493,0.0041537525980142676
AAPL,0.0019912852194189936,0.0020637430283663573,0.0062679399574899269,0.0023994211710860183,0.0014405623543364771,0.00097724307751934905,0.0023628683078963961,0.00085710637249121686,0.00084238493401583132,0.0018427806222935147,0.002574149954903209,0.0017251631806579611,0.0030931135079680537,0.0017046790664683184,0.00096666975691928449,0.0013830896803423561,0.0011898824844218568,0.00047186816297488225,0.0029133258181345905,0.0023281571498424843,0.0012219742076707569,0.00091376510405446814,0.00060416366935620741,0.0014074781667501529,0.0016452869506018606,0.00045754411155569404,0.0021300505355890437,0.0010468268866006441,0.0021450687301107756
BA,0.0025782662620639817,0.0044745090146861557,0.0023994211710860183,0.012318935047768416,0.0035003575782216793,0.0031131317192480443,0.0029480912489234937,0.0015615727179033709,0.0025127192421717228,0.0049554099361105294,0.0046377236023303417,0.0024779297750444464,0.004350261920128733,0.0023031872325222874,0.00058909032482555286,0.0037662959926799558,0.0016300159267886541,0.00017064181276382374,0.0022239584192481742,0.0032606625140785433,0.0007036803253533746,0.00072792870592751412,0.0020000813729990998,0.0038630936110192939,0.00088441374118737863,0.00065458022956145165,0.0029817171327478366,0.00071495378934736226,0.0040060388079756152
CAT,0.0032373158008199049,0.0031346529965160189,0.0014405623543364771,0.0035003575782216793,0.0084815349896203672,0.0027799935242211657,0.0025106314100409592,0.00093730374369849852,0.0024600867232630426,0.0040970187772003249,0.0033207732945651656,0.002821487155513557,0.006575594754696378,0.002738561046949525,0.0015128729393674269,0.0032561704072734208,0.001029447224486659,0.0011508994996108864,0.00061047911168222958,0.0019125609222725773,0.00083127974813460297,0.00077799287323193872,0.0020749989850213993,0.0021785352514146197,0.0020015099644129638,0.00012563383740793601,0.0017918942900703311,0.0013151931192262438,0.0030196156593075125
CVX,0.0021522557796227137,0.0028369351193716502,0.00097724307751934905,0.0031131317192480443,0.0027799935242211657,0.0064011144745775963,0.0014945801460396148,0.0012877139328173639,0.0055210376778064632,0.0026922681574163636,0.0031203918662008772,0.001698774208757274,0.0012632123782917062,0.0014172387935102802,0.0014153737859274082,0.0027176371628637153,0.0013814146579212345,0.0013610550046655246,0.0008868810350780228,0.0017623961452339679,0.0017160424459281536,0.00061359994671940777,0.0019564307291651396,0.0032436467073264797,0.0014424700414729407,0.0015153527624645754,0.001802966490220422,0.00051099677210917499,0.0026785610133809139
CSCO,0.0019040458364396121,0.0022923299640871639,0.0023628683078963961,0.0029480912489234937,0.0025106314100409592,0.0014945801460396148,0.0050698563003734676,0.00075411832264635431,0.0011012801523273613,0.0022127560478924554,0.0026174932191422103,0.0014770202361972685,0.0042938546405029369,0.0029407120484004796,0.00074963658651509911,0.0016638108400820327,0.0005008220607761873,0.00068887853819033765,0.00158758169506138,0.0019310719495356675,0.0013924272535473037,0.00076998539638664415,0.00091867943426753214,0.0019266598751868694,0.0016526296026701459,0.00045204132955689548,0.0016640015979119756,0.00086280492427949387,0.0020369469272908066
KO,0.0014073544019455675,0.001196398970728591,0.00085710637249121686,0.0015615727179033709,0.00093730374369849852,0.0012877139328173639,0.00075411832264635431,0.0021278730132637202,0.0012190868593876219,0.001093416333454091,0.0010268279715985541,0.0010502303071702754,0.00085881122790424454,0.00086536928474954344,0.0011768376840673245,0.00091873725328484057,0.0013648872899298401,0.001025403301514657,0.00060002208750543863,0.0011524154771604159,0.00068904410430538636,0.0013667007130032521,0.0012731910176897799,0.0016596028956308905,0.0010199872842669214,0.0010875916934015074,0.0011785390787722476,0.00084043632230494929,0.0011448024104111787
XOM,0.001912761493262326,0.0025476934548668796,0.00084238493401583132,0.0025127192421717228,0.0024600867232630426,0.0055210376778064632,0.0011012801523273613,0.0012190868593876219,0.0063037549222737434,0.0027906408790983627,0.0028611181675531248,0.001172888770388081,0.00060229335372994199,0.0013791855216669434,0.0014154461939753183,0.0024532640987669054,0.0012128421938125203,0.0015434625522232211,0.00044251793643686752,0.0014972119382388616,0.0010284601363096486,0.00042346316142721009,0.0020672404124067231,0.0032762422968469077,0.00084721606651392406,0.0015068641792670449,0.0015948485452536552,0.00041844540465751288,0.0024211345872538438
GE,0.0027481999181205785,0.0039885609063869659,0.0018427806222935147,0.0049554099361105294,0.0040970187772003249,0.0026922681574163636,0.0022127560478924554,0.001093416333454091,0.0027906408790983627,0.010700080253667777,0.004696693877559127,0.0016979522248319395,0.0028723813710151737,0.0024479269018530168,0.00048002369880629641,0.0038010374532002748,0.00078071133623194399,0.00034651832182987599,0.0010577549629102732,0.0026636625437498488,-0.00044288154980630167,0.00070409017216189888,0.0021829490406892168,0.0035013035536256109,0.00057834320246290608,0.00041581962295060321,0.0020181547495728611,0.00068335008339723291,0.0040592491080933971
GS,0.0028570835256444666,0.0041482233308751428,0.002574149954903209,0.0046377236023303417,0.0033207732945651656,0.0031203918662008772,0.0026174932191422103,0.0010268279715985541,0.0028611181675531248,0.004696693877559127,0.0067882430529818101,0.002397371714527302,0.0033920999590724391,0.0030765470933796558,0.0010689212767274066,0.0046244443768818444,0.00099272499403948132,0.00052905516440204803,0.0019296945918719634,0.0028116734901350877,0.0011063893308736821,0.00045012999009557737,0.0019955710850277078,0.0032444280437917625,0.0017389551370184688,0.0004951328025081151,0.0020757838036613531,0.00097820981847992843,0.0042269040946868435
HD,0.0022516677675144276,0.0021006563597464013,0.0017251631806579611,0.0024779297750444464,0.002821487155513557,0.001698774208757274,0.0014770202361972685,0.0010502303071702754,0.001172888770388081,0.0016979522248319395,0.002397371714527302,0.0041969550688089044,0.0023383570520255125,0.0020790422958350588,0.001178042549349302,0.0020063082166690556,0.0016300533876774396,0.00082042126352173817,0.001297504873553507,0.0023610856309215053,0.0014137158560937196,0.0012778608628581604,0.0011735333028940838,0.0016475614822450435,0.0015350439856853988,0.00072894823496266682,0.0015704756979016056,0.0012192730221857013,0.0019544790756245889
INTC,0.0021079706221206317,0.0028669979056694661,0.0030931135079680537,0.004350261920128733,0.006575594754696378,0.0012632123782917062,0.0042938546405029369,0.00085881122790424454,0.00060229335372994199,0.0028723813710151737,0.0033920999590724391,0.0023383570520255125,0.021829269242304637,0.0034516502245477603,0.0011563090038219099,0.0020891644927684603,0.00028533201163415134,-0.0002440402582711231,0.0016666952356643974,0.00014834805632148667,0.00044259301087049181,0.00082658680333081162,0.0011816163593735207,0.00052948190769063527,0.0049219922617393264,0.00041024177878953139,0.0021165960934707369,0.00070027986120535035,0.0027633769694860558
IBM,0.0021427073772784847,0.0026422098640261245,0.0017046790664683184,0.0023031872325222874,0.002738561046949525,0.0014172387935102802,0.0029407120484004796,0.00086536928474954344,0.0013791855216669434,0.0024479269018530168,0.0030765470933796558,0.0020790422958350588,0.0034516502245477603,0.0062549724037719683,0.00098034576466118407,0.0019821944149172673,0.00078176548548899104,0.00076918084849614504,0.0012606763657011875,0.001570081457032634,0.0013406265637025344,0.00073679045914044102,0.0011887372999120529,0.0024990373615493512,0.0012786353325756428,0.00049108722221793402,0.0015823774998148853,0.00040288919034201767,0.0019242875662475545
JNJ,0.0016223319545280775,0.00080676863955083332,0.00096666975691928449,0.00058909032482555286,0.0015128729393674269,0.0014153737859274082,0.00074963658651509911,0.0011768376840673245,0.0014154461939753183,0.00048002369880629641,0.0010689212767274066,0.001178042549349302,0.0011563090038219099,0.00098034576466118407,0.0023465925147741263,0.0010397544341539386,0.0011409573543080106,0.0012612369447558766,0.00020578884963333077,0.00090836313232931995,0.0014918492813658605,0.00097434193271455163,0.0011575089547984222,0.0015615013087343986,0.0010033894680265545,0.000963144709702526,0.00088894610965114943,0.00091512589403062485,0.0006638526912446411
JPM,0.0025049038617979084,0.003605959260291097,0.0013830896803423561,0.0037662959926799558,0.0032561704072734208,0.0027176371628637153,0.0016638108400820327,0.00091873725328484057,0.0024532640987669054,0.0038010374532002748,0.0046244443768818444,0.0020063082166690556,0.0020891644927684603,0.0019821944149172673,0.0010397544341539386,0.0047277058360011073,0.00095669897807497287,0.00054648604078167242,0.0014213432241621583,0.0020564007515468776,0.0010021778797270791,0.00043822372914932572,0.0023192668613373126,0.002856213669585308,0.0014631927534140333,0.00050699640677936888,0.0019770146567921346,0.00079883135773227334,0.0035920077845651801
MCD,0.0013124127877501769,0.0012280320243874697,0.0011898824844218568,0.0016300159267886541,0.001029447224486659,0.0013814146579212345,0.0005008220607761873,0.0013648872899298401,0.0012128421938125203,0.00078071133623194399,0.00099272499403948132,0.0016300533876774396,0.00028533201163415134,0.00078176548548899104,0.0011409573543080106,0.00095669897807497287,0.0023481662450277074,0.00083748458561908989,0.0006629114742455445,0.0014034864807280416,0.00075984713079597476,0.0011265660874349248,0.0011032290098743069,0.0012865872488864918,0.00072696785238302226,0.0010162025733526335,0.001302524816060817,0.0010127099752005883,0.0011273504851445776
MRK,0.00076027451220908463,0.00078747298956072785,0.00047186816297488225,0.00017064181276382374,0.0011508994996108864,0.0013610550046655246,0.00068887853819033765,0.001025403301514657,0.0015434625522232211,0.00034651832182987599,0.00052905516440204803,0.00082042126352173817,-0.0002440402582711231,0.00076918084849614504,0.0012612369447558766,0.00054648604078167242,0.00083748458561908989,0.0036028667216877917,0.00014966647013263967,0.0010542446903174544,0.0009870456784651354,0.00095187401824434453,0.00090225810176319452,0.00094069932021740882,0.00089471478817192769,0.0010517274039866119,0.00077382295758276804,0.00071735521390713412,0.00037729271312569716
MSFT,0.0011369965736951863,0.0015558406983397397,0.0029133258181345905,0.0022239584192481742,0.00061047911168222958,0.0008868810350780228,0.00158758169506138,0.00060002208750543863,0.00044251793643686752,0.0010577549629102732,0.0019296945918719634,0.001297504873553507,0.0016666952356643974,0.0012606763657011875,0.00020578884963333077,0.0014213432241621583,0.0006629114742455445,0.00014966647013263967,0.0042984144052864697,0.0020970824358221255,0.00068821573917925464,0.00050046647014587024,0.00065907855737172181,0.001175432045238166,0.00054237276939881685,0.00075285408851303464,0.0016317133357680168,0.00075348788487334002,0.0022810630850913617
NKE,0.0023940736127222207,0.0023879117646483797,0.0023281571498424843,0.0032606625140785433,0.0019125609222725773,0.0017623961452339679,0.0019310719495356675,0.0011524154771604159,0.0014972119382388616,0.0026636625437498488,0.0028116734901350877,0.0023610856309215053,0.00014834805632148667,0.001570081457032634,0.00090836313232931995,0.0020564007515468776,0.0014034864807280416,0.0010542446903174544,0.0020970824358221255,0.0064296401743318557,0.0010660530039279484,0.0012420360823426136,0.0010556752541966885,0.0021903812338524794,0.00050610829099774881,0.0010150839490036718,0.0018480275383178067,0.0012223444557462686,0.0029710274368737219
PFE,0.0014907715260825698,0.00046180882727755025,0.0012219742076707569,0.0007036803253533746,0.00083127974813460297,0.0017160424459281536,0.0013924272535473037,0.00068904410430538636,0.0010284601363096486,-0.00044288154980630167,0.0011063893308736821,0.0014137158560937196,0.00044259301087049181,0.0013406265637025344,0.0014918492813658605,0.0010021778797270791,0.00075984713079597476,0.0009870456784651354,0.00068821573917925464,0.0010660530039279484,0.0042073563763237931,0.00065310714023888604,0.00028563161303394403,0.0011694615845901305,0.0012878808116558484,0.00099353159306628377,0.00053247677706384463,0.00061487750976863258,0.0003088448957693405
PG,0.0010006986157595019,0.00051816008308166463,0.00091376510405446814,0.00072792870592751412,0.00077799287323193872,0.00061359994671940777,0.00076998539638664415,0.0013667007130032521,0.00042346316142721009,0.00070409017216189888,0.00045012999009557737,0.0012778608628581604,0.00082658680333081162,0.00073679045914044102,0.00097434193271455163,0.00043822372914932572,0.0011265660874349248,0.00095187401824434453,0.00050046647014587024,0.0012420360823426136,0.00065310714023888604,0.0022651956038511412,0.0007700317047224486,0.00087670933399661816,0.00083192773213138567,0.0011539380946863974,0.0008752159476082752,0.0011329994733437257,0.00093874219677182085
TRV,0.001688044446894786,0.0019118235124901144,0.00060416366935620741,0.0020000813729990998,0.0020749989850213993,0.0019564307291651396,0.00091867943426753214,0.0012731910176897799,0.0020672404124067231,0.0021829490406892168,0.0019955710850277078,0.0011735333028940838,0.0011816163593735207,0.0011887372999120529,0.0011575089547984222,0.0023192668613373126,0.0011032290098743069,0.00090225810176319452,0.00065907855737172181,0.0010556752541966885,0.00028563161303394403,0.0007700317047224486,0.0032601608997037301,0.0019820062842505798,0.0011911826902654217,0.0010862156167609186,0.0014098836168930145,0.00090924920150175603,0.0020539838468840253
RTX,0.002589562568744755,0.0033666187785996501,0.0014074781667501529,0.0038630936110192939,0.0021785352514146197,0.0032436467073264797,0.0019266598751868694,0.0016596028956308905,0.0032762422968469077,0.0035013035536256109,0.0032444280437917625,0.0016475614822450435,0.00052948190769063527,0.0024990373615493512,0.0015615013087343986,0.002856213669585308,0.0012865872488864918,0.00094069932021740882,0.001175432045238166,0.0021903812338524794,0.0011694615845901305,0.00087670933399661816,0.0019820062842505798,0.0056187697446260934,0.001130391170065675,0.0013213417578146326,0.0021726092937500324,0.00067450951640899489,0.0027535233184768416
UNH,0.0018740738583679485,0.001678955034595522,0.0016452869506018606,0.00088441374118737863,0.0020015099644129638,0.0014424700414729407,0.0016526296026701459,0.0010199872842669214,0.00084721606651392406,0.00057834320246290608,0.0017389551370184688,0.0015350439856853988,0.0049219922617393264,0.0012786353325756428,0.0010033894680265545,0.0014631927534140333,0.00072696785238302226,0.00089471478817192769,0.00054237276939881685,0.00050610829099774881,0.0012878808116558484,0.00083192773213138567,0.0011911826902654217,0.001130391170065675,0.00653650926335206,0.00041463667397285324,0.0011554485272537854,0.00079542413674051234,0.00097518066406850892
VZ,0.00080508954255262386,0.00051402728297143059,0.00045754411155569404,0.00065458022956145165,0.00012563383740793601,0.0015153527624645754,0.00045204132955689548,0.0010875916934015074,0.0015068641792670449,0.00041581962295060321,0.0004951328025081151,0.00072894823496266682,0.00041024177878953139,0.00049108722221793402,0.000963144709702526,0.00050699640677936888,0.0010162025733526335,0.0010517274039866119,0.00075285408851303464,0.0010150839490036718,0.00099353159306628377,0.0011539380946863974,0.0010862156167609186,0.0013213417578146326,0.00041463667397285324,0.0029666208502432375,0.00081337591910129211,0.00085480176217576443,0.0011060742460787117
V,0.0016690737687978878,0.0028357961320106353,0.0021300505355890437,0.0029817171327478366,0.0017918942900703311,0.001802966490220422,0.0016640015979119756,0.0011785390787722476,0.0015948485452536552,0.0020181547495728611,0.0020757838036613531,0.0015704756979016056,0.0021165960934707369,0.0015823774998148853,0.00088894610965114943,0.0019770146567921346,0.001302524816060817,0.00077382295758276804,0.0016317133357680168,0.0018480275383178067,0.00053247677706384463,0.0008752159476082752,0.0014098836168930145,0.0021726092937500324,0.0011554485272537854,0.00081337591910129211,0.0031548683428411495,0.00086546522275677185,0.0028568452329278894
WMT,0.0011276411009015636,0.00076220920575420493,0.0010468268866006441,0.00071495378934736226,0.0013151931192262438,0.00051099677210917499,0.00086280492427949387,0.00084043632230494929,0.00041844540465751288,0.00068335008339723291,0.00097820981847992843,0.0012192730221857013,0.00070027986120535035,0.00040288919034201767,0.00091512589403062485,0.00079883135773227334,0.0010127099752005883,0.00071735521390713412,0.00075348788487334002,0.0012223444557462686,0.00061487750976863258,0.0011329994733437257,0.00090924920150175603,0.00067450951640899489,0.00079542413674051234,0.00085480176217576443,0.00086546522275677185,0.0029137374488572183,0.00099392479651051811
DIS,0.001730126406896863,0.0041537525980142676,0.0021450687301107756,0.0040060388079756152,0.0030196156593075125,0.0026785610133809139,0.0020369469272908066,0.0011448024104111787,0.0024211345872538438,0.0040592491080933971,0.0042269040946868435,0.0019544790756245889,0.0027633769694860558,0.0019242875662475545,0.0006638526912446411,0.0035920077845651801,0.0011273504851445776,0.00037729271312569716,0.0022810630850913617,0.0029710274368737219,0.0003088448957693405,0.00093874219677182085,0.0020539838468840253,0.0027535233184768416,0.00097518066406850892,0.0011060742460787117,0.0028568452329278894,0.00099392479651051811,0.0072756034810222856
