ticker,mean_monthly,excess_mean_monthly
MMM,0.0070250106283423304,0.0052334721668038679
AXP,0.015655345084751342,0.013863806623212883
AAPL,0.022262600173881621,0.020471061712343162
BA,0.0097686988693389942,0.0079771604078005334
CAT,0.02465184629683272,0.022860307835294261
CVX,0.013053174324483557,0.011261635862945096
CSCO,0.015328235358283744,0.013536696896745285
KO,0.0093651714364105,0.0075736329748720375
XOM,0.011832760782462528,0.010041222320924064
GE,0.013135883875317313,0.011344345413778847
GS,0.018174383528105374,0.016382845066566915
HD,0.011596577191116947,0.0098050387295784865
INTC,0.018309847362407122,0.016518308900868656
IBM,0.010901923814113543,0.0091103853525750806
JNJ,0.010952420205860658,0.0091608817443221951
JPM,0.017817533843732206,0.016025995382193743
MCD,0.0097824307680722568,0.0079908923065337926
MRK,0.012397400034072928,0.010605861572534464
MSFT,0.020813503888607358,0.019021965427068896
NKE,0.00039975832034055031,-0.0013917801411979104
PFE,0.0048951287967976646,0.0031035903352592013
PG,0.0083698217519516029,0.0065782832904131413
TRV,0.012499231094577762,0.010707692633039299
RTX,0.015116629636109515,0.013325091174571053
UNH,0.01383915859868832,0.012047620137149858
VZ,0.0063655379553511013,0.0045739994938126388
V,0.014440294526558949,0.012648756065020488
WMT,0.016178490373883869,0.01438695191234541
DIS,0.0038037243043886628,0.0020121858428502012
