ticker,observations,mean_monthly,mean_annual,volatility_monthly,volatility_annual,mean_excess_annual,min_month,max_month,mean_standard_error_monthly
MMM,130,0.0070250106283423304,0.084300127540107961,0.068866411473292186,0.23856024721337263,0.062801666001646411,-0.14982396457287028,0.2481651431941494,0.0060399838443548522
AXP,130,0.015655345084751342,0.1878641410170161,0.075165485498038212,0.26038087971636764,0.1663656794785546,-0.22740256561540129,0.29975880096694829,0.0065924491831160625
AAPL,130,0.022262600173881621,0.26715120208657944,0.079170322454123726,0.2742540418843068,0.24565274054811795,-0.18119735646273505,0.21656916721465258,0.0069436966199512579
BA,130,0.0097686988693389942,0.11722438643206792,0.11099069802361104,0.38448305628885776,0.095725924893606401,-0.45788954479764621,0.45931163934178487,0.0097345281770092901
CAT,130,0.02465184629683272,0.29582215556199265,0.092095249549693767,0.31902730271160873,0.27432369402353113,-0.23342895579309253,0.32806179522430878,0.0080772877157640997
CVX,130,0.013053174324483557,0.15663809189380268,0.080006965162900637,0.27715225724307413,0.13513963035534116,-0.22369830131035695,0.27284598239731661,0.0070170750396540121
CSCO,130,0.015328235358283744,0.18393882429940492,0.071202923397663015,0.24665416194437426,0.16244036276094342,-0.15505424584462835,0.3160655117551403,0.0062449094964024451
KO,130,0.0093651714364105,0.112382057236926,0.046128873964835955,0.15979510680607414,0.090883595698464451,-0.16548738914681271,0.12888449360058396,0.0040457698832462611
XOM,130,0.011832760782462528,0.14199312938955033,0.079396189595431738,0.27503646861331843,0.12049466785108877,-0.26185834407165065,0.26915601399067435,0.0069635064787094726
GE,130,0.013135883875317313,0.15763060650380775,0.10344119224790373,0.35833080113773824,0.13613214496534615,-0.26949583557015566,0.37196776733937353,0.0090723927187704081
GS,130,0.018174383528105374,0.21809260233726449,0.082390794710221177,0.28541008502816034,0.196594140798803,-0.23001444662121961,0.23412128245900088,0.0072261507217678649
HD,130,0.011596577191116947,0.13915892629340337,0.06478391057051823,0.22441804924227204,0.11766046475494184,-0.15095362648356314,0.18898679942516527,0.0056819248287942438
INTC,130,0.018309847362407122,0.21971816834888547,0.14774731551640671,0.51181171431265193,0.19821970681042389,-0.35400706299520301,1.140947225700323,0.012958296790475039
IBM,130,0.010901923814113543,0.13082308576936252,0.079088383494492848,0.27397019700190678,0.10932462423090097,-0.23662452659092126,0.29877814030675842,0.0069365100977874647
JNJ,130,0.010952420205860658,0.13142904247032788,0.048441640298137377,0.16780676439669981,0.10993058093186633,-0.12151087861329757,0.14420817643026607,0.0042486129091867941
JPM,130,0.017817533843732206,0.21381040612478647,0.068758314668126569,0.23818578889600719,0.19231194458632492,-0.22461463743701515,0.2153705422126353,0.0060305031273716544
MCD,130,0.0097824307680722568,0.11738916921686708,0.048457881144636394,0.16786302433928826,0.095890707678405518,-0.14842695569432129,0.18167640053319389,0.0042500373256530236
MRK,130,0.012397400034072928,0.14876880040887513,0.0600238845934499,0.20792883556701197,0.12727033887041356,-0.14923345403795707,0.21923701655431782,0.0052644429332644876
MSFT,130,0.020813503888607358,0.2497620466632883,0.065562294081937589,0.22711444882137644,0.22826358512482675,-0.17150856157139238,0.24583136341252132,0.0057501935788729147
NKE,130,0.00039975832034055031,0.0047970998440866035,0.080185037097527459,0.2777691165194256,-0.016701361694374924,-0.21692102974243022,0.18353467070467522,0.00703269298148181
PFE,130,0.0048951287967976646,0.058741545561571976,0.064864137829187207,0.22469596461860533,0.037243084023110412,-0.14375486131171378,0.23917741809758364,0.0056889612248525083
PG,130,0.0083698217519516029,0.10043786102341923,0.047594071099782385,0.16487069856773728,0.078939399484957692,-0.1361243367152879,0.13141521165852743,0.0041742761729533064
TRV,130,0.012499231094577762,0.14999077313493314,0.057097818694795424,0.19779264596148349,0.12849231159647159,-0.16528744609101031,0.20404680050638579,0.0050078099771209139
RTX,130,0.015116629636109515,0.18139955563331417,0.074958453456738905,0.25966369968771741,0.15990109409485265,-0.27766277548024598,0.32991744314994031,0.0065742912719085568
UNH,130,0.01383915859868832,0.16606990318425985,0.08084868127157091,0.28006804737460628,0.1445714416457983,-0.26621127460002714,0.36915627071354096,0.0070908984259629299
VZ,130,0.0063655379553511013,0.076386455464213215,0.054466694871666645,0.18867816567615567,0.054887993925751666,-0.11707027043711227,0.14228511203504901,0.0047770451522344279
V,130,0.014440294526558949,0.17328353431870738,0.056168214702277564,0.19457240326956388,0.15178507278024586,-0.1164904703805546,0.16611303568005553,0.0049262783134791524
WMT,130,0.016178490373883869,0.19414188448660641,0.053979046387067804,0.18698890177303734,0.17264342294814491,-0.15617003387685835,0.12873705588837869,0.004734275550832394
DIS,130,0.0038037243043886628,0.045644691652663952,0.085297148141202733,0.29547798864258468,0.024146230114202416,-0.18613297522076921,0.24873402920441334,0.007481054780126152
