Month,Tangency (full sample),Value weighted (2026-08-31),Long-only tangency (full sample),Tangency (first half),Tangency (second half)
2015-11,0.024412753280991052,0.010911357629171989,0.013427237416320199,0.037665043981675,0.063388084685889676
2015-12,0.054268972675214133,-0.024785455651273668,0.0030626260097504823,0.093527457666113867,0.01964813281422666
2016-01,-0.0043699044414172716,-0.041747147419328515,-0.0086197061545520183,0.012065320419752508,-0.12042040734269568
2016-02,-0.023201471113028747,-0.012417077161409074,-0.0098950373404558534,-0.082078135596898888,-0.042399675543334965
2016-03,0.12227835167726514,0.086152339501372008,0.077303241953123075,0.048066917369430001,0.12656128673713518
2016-04,-0.050387059988099968,-0.047058559833613609,-0.030341840895955801,-0.015419243522209655,-0.080575155938348256
2016-05,0.06765975169500231,0.040751769811662127,0.038672687602422505,0.0035397470171508912,0.090773664499269088
2016-06,-0.031402159265837018,-0.011016455692099286,0.0067057816160643515,0.019043701780906343,-0.08414354329622141
2016-07,0.1276067674805382,0.058818927609918338,0.057538588460118202,0.089102016442289336,0.10942136116586254
2016-08,0.039058317808754107,0.013724175095026188,0.013516698057614743,0.04108188694392418,0.055410100165931744
2016-09,0.07385668095162079,0.017916255465626914,0.019604482952854753,0.0626624673854866,-0.0021941787554029986
2016-10,0.072022942097213397,0.0027238639080865096,-0.0089765430604468073,0.033825051798651966,0.1269828240432867
2016-11,0.063102217371946254,0.02153108366558619,0.040643984239398925,0.01635266111658179,0.048586673689327717
2016-12,-0.0020831519273123017,0.034072480920205879,0.0058647452544282053,-0.0065294005284950822,0.05849899110657366
2017-01,0.0032609023910786968,0.020047481849295522,0.019336400386791137,0.071125999296265077,-0.088569902877740581
2017-02,0.045514213499740754,0.057618853569033138,0.041112253795516349,0.063213222428546156,0.030090099369568805
2017-03,-0.024515663558865437,0.015433020739045133,0.0069850552421065011,-0.032997624715587953,-0.018826346538063796
2017-04,0.062666450547845504,0.015154102471862189,0.036686007463904158,0.11020462124513236,-0.026944711823583357
2017-05,0.067767041211854243,0.024117528771191506,0.034957109316055363,0.022644539204087509,0.020061854198753483
2017-06,-0.010213862662300396,-0.010150524828399753,-0.0081663709484540679,0.065985453055492263,-0.084714007700644203
2017-07,0.078035957335339245,0.032507989267184484,0.042655043965914172,0.11161380465814053,-0.040248773258164512
2017-08,0.10967493782839155,0.034208061159090461,0.018429316353091842,0.028996848909400158,0.10881741975380302
2017-09,0.016320022593170204,-0.00058510992298063669,0.0061347321152459919,-0.0035596317594202443,0.045536007441468067
2017-10,0.093684750026006666,0.06864305823160638,0.069309279146645142,0.091370159254133054,-0.076261754758344666
2017-11,-0.0049366246331890677,0.028320625812233848,0.045410354110765577,0.065798319306363318,-0.17959775544367376
2017-12,0.059511194318323371,0.01069502156048174,0.029433196576362501,0.078219988037306537,-0.009219992753947151
2018-01,0.062314734150300782,0.04582841665783307,0.070490573612576032,0.063854101902316565,-0.038787394159266637
2018-02,-0.031421379994563625,-0.01336755198776296,-0.057978036630464969,-0.0064379608565744324,-0.054610390617994678
2018-03,-0.027500313945696117,-0.030818278730976794,-0.022476395834765732,0.0074571839919516745,-0.018182139624221407
2018-04,0.060943281207763149,0.0098687530169454182,0.01625737085535035,0.081618338124690756,0.021310083207180423
2018-05,0.009732034849058973,0.047828604074691465,0.020869407400885224,0.021916540563371355,0.024021637839238344
2018-06,-0.065504136040972674,-0.0015652846779514134,-0.0032120653697324097,-0.016480219629654347,-0.093956153452490587
2018-07,0.070433522312383673,0.046218579531406227,0.064451262040289031,0.036897839556227663,0.038042203772061162
2018-08,0.087080427415033662,0.075876414261171088,0.056572084624662976,0.055065219560413825,0.028555773980479902
2018-09,-0.0027189124667094423,0.008863533942687218,0.019185314341213511,0.015384814190178423,-0.091979802284184065
2018-10,0.0070581041834792257,-0.03967757124878616,-0.028785532247006848,0.014160572693337869,-0.019997144357736772
2018-11,-0.018730499288561995,-0.023883758550270563,0.023702955434744488,0.054694717667146071,-0.39245505495814637
2018-12,-0.13691909448864226,-0.090269713284039904,-0.068608270881884051,-0.03928371738404992,-0.16142179933114825
2019-01,0.050870550691632772,0.055215586667667571,0.030295409202187325,0.035932731417012413,0.29090407908612093
2019-02,0.037775611591837295,0.050901371080539076,0.050354291251374882,0.028874556253349531,0.01314139471115368
2019-03,0.080892365449285589,0.042175863806137394,0.022533083926144237,0.038573901941819137,0.11272138712063856
2019-04,0.10729135633653823,0.055906144874500803,0.052556786866331612,0.11187069296479861,0.1096842287665511
2019-05,-0.035890639985687603,-0.072323907840571119,-0.049465842138224005,0.011026331352364456,-0.032708842236789909
2019-06,0.099844718812532679,0.089834309751421079,0.089217623764937581,0.060772385770474599,0.14462226259035516
2019-07,0.039671221915803814,0.028438788934855672,0.0071545026998241727,0.026037279450492619,0.069932242907859488
2019-08,0.011317337036069101,-0.016267587983276707,0.0014217364864318382,0.022645454505868978,-0.093475455465760138
2019-09,0.042624829040739116,0.033794568683570461,0.025373167089857047,0.032660011539724476,0.052469259700519875
2019-10,0.13050759482145946,0.046698726064843384,0.041216633788784297,0.11135226366314954,0.17879811963019113
2019-11,-0.024177787749582742,0.048465652564741196,0.041495398580146108,0.03397566107174177,-0.044159337641366106
2019-12,0.087170422972211128,0.047904154397198542,0.035808213892758886,0.074470302579819389,0.066116910751096616
2020-01,0.083946407517491634,0.024153742534800335,-0.0094938616270953367,-0.0033666079418617923,0.31142355971443836
2020-02,-0.06894034417112431,-0.094310725733115469,-0.069799244833626858,-0.038323274569453142,-0.17022892636677617
2020-03,-0.012180826202407874,-0.088062860557150291,-0.019022585561790303,0.048570312273563621,-0.32154494543192003
2020-04,0.10298808688810743,0.1252699848733789,0.087394523789235651,0.06501194804813637,0.11533733022977802
2020-05,-0.016345844762204881,0.0449322529237575,0.029068364942361154,0.053141412815366329,-0.01516944497925779
2020-06,0.078911188487488501,0.051851838262585423,0.032893066451589612,0.092725776300858792,0.089921970146239316
2020-07,0.088427552676763665,0.046973582441618346,0.051093621884060809,0.048533983844280586,0.044646024931140102
2020-08,0.038373763270014738,0.10250555914058675,0.088774511510148355,0.070689605357079577,-0.051168683135366003
2020-09,-0.059103626195261647,-0.056847681201298621,-0.024297751120958666,0.02154815657976436,-0.17488007597855762
2020-10,-0.012051142216909613,-0.041436760248962513,-0.023874110827657787,0.031365820119419054,0.042091310405662871
2020-11,0.072131741373771485,0.12030454478040267,0.090742764245752339,0.010357026129944429,0.26102389366275996
2020-12,-0.014155742739804189,0.057070813747667384,0.023728765563709051,0.016377564458945185,0.10941274441752794
2021-01,0.023161435909638629,0.00027681397522750281,-0.0018828365220977016,0.014955158793976693,0.045270056164753734
2021-02,0.062461516334167924,0.016268970032584932,-8.0782717043880597e-05,0.0013319650792238888,0.21056764841533476
2021-03,0.045150926494850779,0.038568214256371462,0.044220000613445783,0.059481373487569628,0.039249084664965371
2021-04,0.079291126983859567,0.044335738596071962,0.029878435325386643,-0.028048812457916135,0.17392052265774599
2021-05,0.050356045313082465,0.00063177978744167519,0.014924092284888963,0.047506378846697915,0.079036210940858845
2021-06,-0.012053342685602909,0.040966142298578236,0.025177951941404111,-0.042306343783936676,0.026855904386359555
2021-07,0.026041740188837561,0.029701239572332967,0.015407831718657436,0.080521029980694658,0.012693111215776284
2021-08,0.053865133819835209,0.028063846661239525,0.036177172408435987,0.054217330562001426,0.10283555009036918
2021-09,0.00040700816919640725,-0.04279458122427271,-0.05383525685081815,-0.042363904631108486,0.030939992694463091
2021-10,0.15533583686290364,0.075729608346192218,0.11531089183798106,0.21925988883077235,0.12332693213604583
2021-11,-0.061147271012954141,0.0021484513634738374,-0.041632982842836327,0.0072207367495459689,-0.0041300332192957673
2021-12,0.06987530093527583,0.056459945381742357,0.039088643187592642,0.077845087972901225,0.093025868561593728
2022-01,0.044414308419204872,-0.018111809192161082,-0.028612446586333967,-0.12647322626821231,0.19003296387348673
2022-02,-0.0013131400201714209,-0.029345571680717261,-0.043223768722830437,-0.043712977177780464,0.059292437621117897
2022-03,0.13334818613743063,0.037297906613937844,0.079342973952721524,0.14059443635342442,0.056790853626273716
2022-04,0.025006253392918218,-0.066263823907460287,-0.03007507036446054,-0.020354707434240824,0.033379787730450458
2022-05,-0.030126961960113073,-0.0096296216146187774,-0.034735653057823258,-0.13254582274452642,0.071776351324514528
2022-06,-0.022519622486243951,-0.07350247016297809,-0.066088406184142412,-0.052523958705139158,-0.0012012867761760498
2022-07,0.042808657047370406,0.097135785562015436,0.078555494629948791,0.045241544906689593,0.08775462493069304
2022-08,-0.029809706958398925,-0.039007137189766297,-0.038758162498841155,-0.014943536194732215,0.04497302410451666
2022-09,0.0096059345196444351,-0.097944101512745421,-0.063945989330266906,-0.035205924896485878,0.0070308138516656515
2022-10,0.15443944021748424,0.11067901237840139,0.11860449927994021,0.1764160957243241,0.18121575932692277
2022-11,0.12699927005240691,0.048243786251373273,0.075452326530888181,0.1683335884919501,0.15546094073831906
2022-12,-0.037432950934988864,-0.059338765853801226,-0.041397239439546207,0.042525075360435122,-0.099697793338615767
2023-01,-0.022926188321648389,0.052753419240625148,0.024529481441343853,-0.065370600925807945,0.054836172553665297
2023-02,0.077278219389279923,-0.009875450060532193,-0.0084622731215575793,-0.0033607477339619822,0.10074865721224019
2023-03,0.050852520339857654,0.07518544979490345,0.05482127381826922,0.10435511536889686,0.11037270571233529
2023-04,0.07103489345301324,0.034983894508280482,0.039825110383363733,0.097082435768191422,0.084892440449507819
2023-05,0.12802443185209381,0.0039032053250693029,0.00078721603722884184,0.02644411490001361,0.18308601647371026
2023-06,0.13551747475418174,0.063591897518888288,0.075084767037348038,0.10796887974247514,0.054878935109460313
2023-07,-0.01246894881773844,0.015611459478061153,0.0072442621124552279,0.044185606571280657,-0.00058060177101069499
2023-08,0.057047452060080231,-0.018682641728502491,0.0013697791084498604,-0.034164149884944858,0.058682177992034165
2023-09,-0.00070176715268138734,-0.046441479362150387,-0.033152013130622437,0.063598610357721214,0.019516087315381556
2023-10,-0.014876131937206506,0.0048535506882178264,0.0020825797922583277,-0.013570151833447612,-0.085260882171576652
2023-11,0.0056289683010725122,0.088495190486107447,0.054687900857001509,0.0097620746556517507,0.014492139109556615
2023-12,0.07804700735086402,0.024620833467567098,0.041955545692606018,0.032912451318234608,0.056486746357510706
2024-01,0.16973212666654902,0.012493454720326785,0.045506966258381243,0.02845133765187307,0.20796967567936497
2024-02,0.026603467305360895,0.02420374735577082,0.052630669981230963,0.06253565405591141,0.062417220093565179
2024-03,-0.0035685827623533548,0.012681005799018536,0.032700632677270296,-0.12071642086137833,0.058088191224315036
2024-04,-0.012197138152442402,-0.037682903849975011,-0.043544669855707194,-0.13775880662561285,0.11432493788851525
2024-05,0.099800927653587418,0.062917467630818208,0.059253950217736939,0.013845686614679298,0.16474345367752868
2024-06,0.10937752542032828,0.037049200890427098,0.03352579416284393,-0.03079647484041699,0.135494338116184
2024-07,-0.044858138811690568,0.024658622963149596,-0.0082181567831667215,-0.13210425441449447,0.066014584496408402
2024-08,0.11284781783607031,0.021173201588965292,0.050028040722255668,0.042107151748785647,0.040790147865239948
2024-09,-0.013088840175739365,0.018554290478664786,0.02659451766082483,-0.030704498565231376,-0.031641371751286916
2024-10,0.051582506270105327,-0.025238278559414469,-0.032252283731847312,0.036564033403046238,0.071895550385120813
2024-11,0.050104771049323232,0.062159766514306242,0.066912578061519554,0.07375649926437472,0.0062516854512013886
2024-12,-0.042037420536708225,-0.016318453744686264,-0.027315394765239056,-0.11959232008437214,-0.048286078821538729
2025-01,0.013514217560566064,0.013124905949793047,0.025350146799312575,-0.064126144626924231,0.080256926553955166
2025-02,-0.037404419180330759,0.01362886482842162,-0.030865767714537869,-0.032674667606290925,0.060158915615547072
2025-03,0.030435736014106332,-0.046874166236609983,-0.057610628661871513,-0.0082792003541196507,0.066128650964861896
2025-04,0.090920616228918311,-0.019244343027690659,0.016163102823881767,-0.075944045960944978,0.15262515186998496
2025-05,-0.0044028313188100993,0.039453306072986458,0.048101653414471666,-0.045830408851510129,0.033740225828306825
2025-06,0.007999982786555615,0.045885413091556561,0.050393174342193564,-0.0080915722684414097,0.0064627721115649711
2025-07,0.12726222620778938,0.017784601475322962,0.036304869030064003,0.094011273192060721,0.10152759730633684
2025-08,-0.031416347141100726,0.046638527690331125,0.0076422495957432354,0.10010867011964657,-0.0039831828745543838
2025-09,0.12116413813161243,0.052246810934718245,0.056683608413178058,0.0720577395186284,0.19524944684882106
2025-10,0.086558390761979728,0.028050428971084469,0.033366214830273161,-0.021829296867398755,0.081136747615076263
2025-11,0.055600741828004493,0.012027972766665616,0.044716615172968835,-0.024869204698406228,0.065066281957239763
2025-12,0.0082597884051611239,-0.0047924054593171603,-0.0010868197255677363,0.020052497662019258,0.039080712391788619
2026-01,0.018023007392098635,-0.0056279089132863069,0.0067049783316245797,-0.021129301481025219,0.14887703480528347
2026-02,0.059506570824411791,0.0066745755166133331,0.033263788705358219,0.13293367963583963,0.029031293973296981
2026-03,0.043071253579668595,-0.039198155760414501,-0.03926528493420299,-0.12635054600146672,0.082902988930263335
2026-04,0.14125878654621862,0.089382933353042343,0.084101969622170647,0.3680301974683679,0.082460922148115234
2026-05,0.017165871257753058,0.070446613999356048,0.020905286370075809,-0.095202673249699665,0.15873193032209881
2026-06,0.067639568363411839,-0.030483569402857045,-0.0068801061396829037,0.19865676571586982,0.1489021229904165
2026-07,0.10002737351921027,0.072240714384756002,0.04542418040119206,-0.015457039551720007,0.12603594935648332
2026-08,-0.0084869144866364168,0.031019115389568065,0.031437085327169371,-0.079641264662574818,-0.0040906336597478637
