Month,All 29 tangency,Retained 23 tangency,Later-removal 6 tangency
2015-11,0.024412753280991066,0.027088804526382258,-0.0054446490091854555
2015-12,0.054268972675214133,0.044477756313017834,-0.0027671076195313862
2016-01,-0.0043699044414172578,-0.018870827738378559,-0.058935833513471994
2016-02,-0.023201471113028727,-0.051381761781815097,0.06005182931988718
2016-03,0.12227835167726511,0.10809766606325802,0.053905344299435103
2016-04,-0.05038705998809994,-0.036813236070423819,0.0096056847292283042
2016-05,0.067659751695002324,0.084140601276382315,-0.0061442528836330376
2016-06,-0.031402159265837004,-0.039340762250700913,0.036969784211818901
2016-07,0.12760676748053815,0.10967480105943811,0.033326481939996738
2016-08,0.039058317808754101,0.047672052666650575,-0.0026451019560088957
2016-09,0.073856680951620776,0.063074204984824203,-0.016984134679852804
2016-10,0.072022942097213327,0.052397069857162457,-0.023913429243019618
2016-11,0.063102217371946268,0.049526916449558915,0.046504601017744368
2016-12,-0.0020831519273122982,0.0022821084465040088,0.031506018336774542
2017-01,0.0032609023910786829,0.00027301778629916507,-0.014926402815206338
2017-02,0.045514213499740767,0.046515364205561301,0.014474059319514341
2017-03,-0.024515663558865402,-0.022743599276366017,-0.0034806099338676325
2017-04,0.062666450547845531,0.043623545110032379,0.027007064411096984
2017-05,0.067767041211854229,0.059424242347582104,0.014362913960552543
2017-06,-0.010213862662300389,-0.0032965193710808574,-0.014036885720911111
2017-07,0.078035957335339204,0.06918949914974834,0.0022812674049046758
2017-08,0.10967493782839155,0.094050403757210105,0.00087213901907198885
2017-09,0.016320022593170183,0.033116261190149952,0.010985768720800485
2017-10,0.093684750026006666,0.09522044361327138,0.048603238007690626
2017-11,-0.0049366246331890573,-0.010183853966366355,0.013521807720238701
2017-12,0.059511194318323329,0.044857433314013852,0.037070141964966837
2018-01,0.062314734150300824,0.055620432411748036,0.059089782680522264
2018-02,-0.031421379994563639,-0.031094705458601411,-0.035709177669022305
2018-03,-0.027500313945696131,-0.0097180798188806223,-0.028495519093701169
2018-04,0.060943281207763177,0.054665068182887876,-0.015457934687642783
2018-05,0.0097320348490589799,0.007328833810419255,0.041856355403968731
2018-06,-0.065504136040972688,-0.067329152052590879,-0.011187712022923348
2018-07,0.070433522312383701,0.066311902880942519,0.042653783951377679
2018-08,0.087080427415033676,0.084795074439217591,-0.0082533059118228714
2018-09,-0.0027189124667094215,-0.0045171611625916611,0.028784801951978557
2018-10,0.0070581041834791979,0.026344916716881453,-0.064940975622523447
2018-11,-0.018730499288562005,0.0045362823564530329,0.00027956348856564284
2018-12,-0.13691909448864226,-0.11849042167093499,-0.10152515913214197
2019-01,0.050870550691632765,0.023533092407498131,0.081579719898633066
2019-02,0.037775611591837316,0.048617107762066632,0.080731571524125259
2019-03,0.080892365449285547,0.067610293749048256,0.022545691245411593
2019-04,0.10729135633653829,0.080829258562288314,0.047017628533454175
2019-05,-0.035890639985687603,-0.012336609962918986,-0.10701724372146329
2019-06,0.099844718812532651,0.097330896774603978,0.052967989986120873
2019-07,0.039671221915803787,0.026027993788641832,0.020454157338548998
2019-08,0.011317337036069063,0.0070443522508351238,-0.030501974870084179
2019-09,0.042624829040739144,0.038026939408570125,0.054511734214598442
2019-10,0.13050759482145949,0.10363672171445922,0.047843875795635885
2019-11,-0.024177787749582715,-0.027499870386501785,0.03422300645981334
2019-12,0.087170422972211128,0.080911524250895817,0.015677879690871949
2020-01,0.083946407517491606,0.079899459334157166,0.005145913269383043
2020-02,-0.068940344171124379,-0.077119003228601143,-0.12631148028743847
2020-03,-0.012180826202407957,-0.0074340667954636841,-0.19857420431632611
2020-04,0.10298808688810739,0.086096359502915165,0.18322222447530218
2020-05,-0.016345844762204881,-0.015549956376963756,0.011335296716526234
2020-06,0.078911188487488446,0.054331041431489396,-0.037514539056823767
2020-07,0.088427552676763693,0.0954586971788602,-0.090510843249108491
2020-08,0.038373763270014752,0.033365762936312882,0.062971232322814985
2020-09,-0.059103626195261647,-0.050412421749762043,-0.043665109441764112
2020-10,-0.012051142216909571,-0.012851815634880748,-0.060478944872660513
2020-11,0.072131741373771541,0.062882807642381564,0.24324655311487764
2020-12,-0.014155742739804203,-0.01934165213698591,0.013054486966035193
2021-01,0.023161435909638622,0.027095171460804961,-0.011767099850722551
2021-02,0.062461516334167896,0.058855649159626378,0.10162912226280468
2021-03,0.045150926494850807,0.03185697013562195,0.060631881877212024
2021-04,0.079291126983859581,0.073056691181832528,0.025527329373912215
2021-05,0.050356045313082465,0.041501313160131871,0.043597002414039347
2021-06,-0.012053342685602922,0.0045104059669629024,-0.018209786594328078
2021-07,0.026041740188837533,0.034815695874653947,-0.0093668428683686342
2021-08,0.053865133819835202,0.062031673674737622,-0.014230387972788994
2021-09,0.00040700816919643501,-0.0040852318470646354,0.011633365550227811
2021-10,0.15533583686290361,0.13274431582047932,0.01336291755536134
2021-11,-0.061147271012954099,-0.020463362496252233,-0.063017639786755453
2021-12,0.069875300935275816,0.067022409407955577,0.049243334551958028
2022-01,0.044414308419204851,0.042138856565804177,0.048551197344843824
2022-02,-0.0013131400201714903,-0.025278190792997722,0.084545420820783063
2022-03,0.1333481861374306,0.14153934441860658,-0.014530774230549132
2022-04,0.025006253392918204,0.022215514356884958,-0.058808636067197842
2022-05,-0.030126961960113035,-0.012452762966164837,0.03833960379478478
2022-06,-0.022519622486243951,-0.04693502202120188,-0.045323999170318846
2022-07,0.04280865704737042,0.032499849965703015,-0.010033076804966803
2022-08,-0.029809706958398942,-0.039169167965217952,-0.04956660360978718
2022-09,0.0096059345196444074,-0.0042079789687891472,-0.11189273756287166
2022-10,0.15443944021748432,0.14820860215448456,0.14691324564452127
2022-11,0.12699927005240688,0.13329349672989957,0.049569789634426917
2022-12,-0.03743295093498885,-0.042209973625125838,-0.012290092825543027
2023-01,-0.022926188321648361,-0.028786099522103786,0.032203034772396
2023-02,0.077278219389279951,0.059104948787648298,-0.03725054045333473
2023-03,0.050852520339857654,0.061996880024640461,0.064558788541598522
2023-04,0.071034893453013281,0.060347821978846944,0.013919673302445579
2023-05,0.12802443185209383,0.11497391329187441,-0.05917763624644156
2023-06,0.13551747475418172,0.11045721206580017,0.061367190686279258
2023-07,-0.012468948817738435,-0.0036606063952627907,-0.048971027782977863
2023-08,0.057047452060080245,0.036328407109742999,-0.0025096202862229283
2023-09,-0.00070176715268139428,0.012551988494438863,-0.090605842275097145
2023-10,-0.014876131937206501,-0.035142776332758495,0.078754347099347505
2023-11,0.0056289683010725122,0.025180019298690945,0.061919243328600534
2023-12,0.078047007350864006,0.070609376332859936,0.039867071715675981
2024-01,0.16973212666654897,0.13343550941678539,0.039305034497458244
2024-02,0.026603467305360923,0.031083522925729565,-0.00070925788474929252
2024-03,-0.0035685827623532992,-0.00088366857069852034,0.075608922162062622
2024-04,-0.012197138152442444,-0.032324788821146311,-0.033745633439334712
2024-05,0.099800927653587418,0.10663562823469652,0.044995728219349072
2024-06,0.10937752542032829,0.089045906759610757,-0.040230979951464192
2024-07,-0.044858138811690526,-0.047815658587213698,0.097466663294174111
2024-08,0.11284781783607033,0.074711062441226217,-0.018269053561577736
2024-09,-0.013088840175739372,-0.012674107202630461,0.013829667726381091
2024-10,0.051582506270105306,0.041547459267006856,-0.025901182430145386
2024-11,0.050104771049323205,0.044019786251562318,0.040729480325375059
2024-12,-0.042037420536708225,-0.028621710032750977,-0.084427923189271933
2025-01,0.013514217560566089,-0.0018981887696185419,0.065046456651846898
2025-02,-0.037404419180330738,-0.016587219205093054,0.080428668583859206
2025-03,0.030435736014106332,0.0044219082472978025,0.0022273730098354805
2025-04,0.090920616228918311,0.095640441891625572,-0.062044208834857763
2025-05,-0.0044028313188101409,-0.0046672667780697369,0.049056732995798054
2025-06,0.0079999827865555942,0.010293592110368323,0.072677771938721408
2025-07,0.12726222620778935,0.089018101791834059,0.027899315672069332
2025-08,-0.031416347141100733,-0.014899542793651745,0.05833335961885952
2025-09,0.12116413813161245,0.12008765654228774,0.1051528746246619
2025-10,0.086558390761979742,0.078407674321229331,0.068154913241345552
2025-11,0.055600741828004542,0.076248193002797643,-0.0017886354679129703
2025-12,0.0082597884051611239,-0.01217193435302396,0.014082555522306299
2026-01,0.018023007392098622,0.024311234575597709,0.13449803719096015
2026-02,0.059506570824411832,0.047521276881724042,0.030773818526485794
2026-03,0.043071253579668595,0.047301985843524984,-0.026937482809484138
2026-04,0.14125878654621862,0.18603479360261496,0.16216563822668903
2026-05,0.017165871257753054,0.0034616764365427832,0.053496154108168506
2026-06,0.067639568363411895,0.053795622181815994,0.06070484859227368
2026-07,0.1000273735192103,0.081882189958002116,0.032606148078372907
2026-08,-0.0084869144866364099,0.016490200303407088,-0.010624481453318339
