ticker,included_in_23,weight_29,weight_23,weight_6
MMM,True,-0.46178480391880988,-0.40061133666967236,
AXP,True,0.030839568597459233,0.098992826813576185,
AAPL,True,0.15861688970213939,0.1245448179332211,
BA,True,-0.10083748961456707,-0.10169311730941738,
CAT,True,0.35566070797311927,0.28303177604760432,
CVX,True,0.027018673077145533,0.023372151855920748,
CSCO,True,0.13065945914538407,0.067618433621821766,
KO,True,0.10007618558242841,0.12058218504792619,
XOM,False,-0.023432093115513083,,0.11135223155444564
GE,False,0.011878699822670055,,0.038970029574099174
GS,True,0.13781287198023839,0.13520953169096028,
HD,True,-0.038900935012009467,-0.084250976917256845,
INTC,False,-0.086725548097964025,,0.19483792733689786
IBM,True,-0.079270653236771613,-0.078857671918295152,
JNJ,True,0.13355538877991024,0.045466353579448469,
JPM,True,0.33820998996395629,0.31314149611621073,
MCD,True,0.056642674772472604,0.072222739864969895,
MRK,True,0.06488883357379277,0.079393037207871123,
MSFT,True,0.47520448021206863,0.4382448370263417,
NKE,True,-0.2799062893718105,-0.2356502749287073,
PFE,False,-0.18722805602546252,,-0.011119567618819569
PG,True,0.094630359970490713,0.1131166544057593,
TRV,True,-0.069874052731746489,0.011325088747560415,
RTX,False,0.12860224478873522,,0.55231588028112499
UNH,True,0.049050093783619374,-0.021699201629022443,
VZ,False,0.069464501473885804,,0.11364349887225181
V,True,0.19235463760740784,0.19790632848425524,
WMT,True,0.25777279287697186,0.25819481519010534,
DIS,True,-0.48497913255924069,-0.45960049426118121,
