Month,Mkt-RF,SMB,HML,RF
2015-11,0.0057000000000000002,0.035799999999999998,-0.0043,0
2015-12,-0.021499999999999998,-0.028000000000000001,-0.025700000000000001,0.0001
2016-01,-0.0574,-0.034000000000000002,0.020799999999999999,0.0001
2016-02,-0.00059999999999999995,0.0073000000000000001,-0.0061000000000000004,0.00020000000000000001
2016-03,0.069500000000000006,0.0074999999999999997,0.0123,0.00020000000000000001
2016-04,0.0091999999999999998,0.0077000000000000002,0.032199999999999999,0.0001
2016-05,0.0178,-0.0018,-0.016199999999999999,0.0001
2016-06,-0.00029999999999999997,0.0060000000000000001,-0.0149,0.00020000000000000001
2016-07,0.039399999999999998,0.0247,-0.012699999999999999,0.00020000000000000001
2016-08,0.0048999999999999998,0.011900000000000001,0.031699999999999999,0.00020000000000000001
2016-09,0.0027000000000000001,0.020899999999999998,-0.012200000000000001,0.00020000000000000001
2016-10,-0.0201,-0.0441,0.041000000000000002,0.00020000000000000001
2016-11,0.048599999999999997,0.056000000000000001,0.083199999999999996,0.0001
2016-12,0.018100000000000002,0.0012999999999999999,0.035000000000000003,0.00029999999999999997
2017-01,0.019400000000000001,-0.011599999999999999,-0.027400000000000001,0.00040000000000000002
2017-02,0.035499999999999997,-0.021299999999999999,-0.0152,0.00040000000000000002
2017-03,0.0016999999999999999,0.011299999999999999,-0.033300000000000003,0.00029999999999999997
2017-04,0.010800000000000001,0.0067999999999999996,-0.020799999999999999,0.00050000000000000001
2017-05,0.010699999999999999,-0.025100000000000001,-0.038199999999999998,0.00059999999999999995
2017-06,0.0079000000000000008,0.022200000000000001,0.015100000000000001,0.00059999999999999995
2017-07,0.018800000000000001,-0.014500000000000001,-0.0023,0.00069999999999999999
2017-08,0.0018,-0.0167,-0.021299999999999999,0.00089999999999999998
2017-09,0.024899999999999999,0.044499999999999998,0.0315,0.00089999999999999998
2017-10,0.022599999999999999,-0.019300000000000001,0.0012999999999999999,0.00089999999999999998
2017-11,0.031199999999999999,-0.0060000000000000001,-0.00089999999999999998,0.00080000000000000004
2017-12,0.0106,-0.0132,0.00050000000000000001,0.00089999999999999998
2018-01,0.055800000000000002,-0.031600000000000003,-0.0132,0.0011000000000000001
2018-02,-0.036400000000000002,0.0027000000000000001,-0.010999999999999999,0.0011000000000000001
2018-03,-0.0235,0.040500000000000001,-0.0020999999999999999,0.0011999999999999999
2018-04,0.0027000000000000001,0.0109,0.0053,0.0014
2018-05,0.026599999999999999,0.052400000000000002,-0.031399999999999997,0.0014
2018-06,0.0048999999999999998,0.0111,-0.023300000000000001,0.0014
2018-07,0.032000000000000001,-0.022200000000000001,0.0047000000000000002,0.0016000000000000001
2018-08,0.034500000000000003,0.0117,-0.039300000000000002,0.0016000000000000001
2018-09,0.00059999999999999995,-0.0229,-0.016799999999999999,0.0015
2018-10,-0.076499999999999999,-0.046699999999999998,0.034299999999999997,0.0019
2018-11,0.017100000000000001,-0.0071999999999999998,0.0033999999999999998,0.0018
2018-12,-0.095500000000000002,-0.023300000000000001,-0.018800000000000001,0.0019
2019-01,0.083699999999999997,0.027300000000000001,-0.0040000000000000001,0.0020999999999999999
2019-02,0.034200000000000001,0.020500000000000001,-0.026599999999999999,0.0018
2019-03,0.010999999999999999,-0.030599999999999999,-0.041599999999999998,0.0019
2019-04,0.039699999999999999,-0.016899999999999998,0.021299999999999999,0.0020999999999999999
2019-05,-0.069199999999999998,-0.012200000000000001,-0.023599999999999999,0.0020999999999999999
2019-06,0.069900000000000004,0.001,-0.0071999999999999998,0.0018
2019-07,0.0123,-0.019599999999999999,0.0050000000000000001,0.0019
2019-08,-0.025499999999999998,-0.023900000000000001,-0.047699999999999999,0.0016000000000000001
2019-09,0.0141,-0.0097000000000000003,0.067599999999999993,0.0018
2019-10,0.0207,0.0027000000000000001,-0.019199999999999998,0.0015
2019-11,0.038699999999999998,0.0071999999999999998,-0.02,0.0011999999999999999
2019-12,0.027699999999999999,0.0076,0.017299999999999999,0.0014
2020-01,-0.0011000000000000001,-0.031,-0.062199999999999998,0.0012999999999999999
2020-02,-0.081500000000000003,0.010800000000000001,-0.038199999999999998,0.0011999999999999999
2020-03,-0.13370000000000001,-0.046899999999999997,-0.13830000000000001,0.0011999999999999999
2020-04,0.13600000000000001,0.025000000000000001,-0.0134,0
2020-05,0.0557,0.024,-0.050000000000000003,0.0001
2020-06,0.024500000000000001,0.026700000000000002,-0.021700000000000001,0.0001
2020-07,0.058299999999999998,-0.0235,-0.0144,0.0001
2020-08,0.076200000000000004,-0.002,-0.030200000000000001,0.0001
2020-09,-0.036400000000000002,0.00059999999999999995,-0.027199999999999998,0.0001
2020-10,-0.020799999999999999,0.043400000000000001,0.042500000000000003,0.0001
2020-11,0.1245,0.058099999999999999,0.020899999999999998,0.0001
2020-12,0.046300000000000001,0.050099999999999999,-0.016799999999999999,0.0001
2021-01,-0.00069999999999999999,0.071400000000000005,0.032199999999999999,0
2021-02,0.0281,0.020199999999999999,0.071999999999999995,0
2021-03,0.031699999999999999,-0.023300000000000001,0.073499999999999996,0
2021-04,0.049500000000000002,-0.031899999999999998,-0.010200000000000001,0
2021-05,0.0030000000000000001,-0.002,0.070400000000000004,0
2021-06,0.027400000000000001,0.017000000000000001,-0.078600000000000003,0
2021-07,0.0134,-0.039300000000000002,-0.017999999999999999,0
2021-08,0.029399999999999999,-0.0032000000000000002,-0.0023,0
2021-09,-0.043999999999999997,0.0066,0.051200000000000002,0
2021-10,0.066299999999999998,-0.022599999999999999,-0.0053,0
2021-11,-0.015800000000000002,-0.013100000000000001,-0.0037000000000000002,0
2021-12,0.032300000000000002,-0.016299999999999999,0.032500000000000001,0.0001
2022-01,-0.061600000000000002,-0.059299999999999999,0.12859999999999999,0
2022-02,-0.022800000000000001,0.021600000000000001,0.030599999999999999,0
2022-03,0.030800000000000001,-0.0155,-0.019,0
2022-04,-0.094100000000000003,-0.0135,0.061800000000000001,0
2022-05,-0.0033999999999999998,-0.0184,0.084400000000000003,0.00029999999999999997
2022-06,-0.084000000000000005,0.0207,-0.059999999999999998,0.00059999999999999995
2022-07,0.095699999999999993,0.0286,-0.041300000000000003,0.00080000000000000004
2022-08,-0.037699999999999997,0.0141,0.0018,0.0019
2022-09,-0.093399999999999997,-0.0076,0.00029999999999999997,0.0019
2022-10,0.0785,0.0001,0.079699999999999993,0.0023
2022-11,0.0465,-0.035700000000000003,0.014800000000000001,0.0028999999999999998
2022-12,-0.063799999999999996,-0.0076,0.0134,0.0033
2023-01,0.066100000000000006,0.050099999999999999,-0.039399999999999998,0.0035000000000000001
2023-02,-0.025700000000000001,0.010500000000000001,-0.0080000000000000002,0.0033999999999999998
2023-03,0.024799999999999999,-0.054800000000000001,-0.090499999999999997,0.0035999999999999999
2023-04,0.0061999999999999998,-0.033700000000000001,-0.0011999999999999999,0.0035000000000000001
2023-05,0.0033999999999999998,0.016,-0.077899999999999997,0.0035999999999999999
2023-06,0.064600000000000005,0.0149,-0.0012999999999999999,0.0040000000000000001
2023-07,0.032099999999999997,0.020500000000000001,0.040599999999999997,0.0044999999999999997
2023-08,-0.023599999999999999,-0.031300000000000001,-0.0115,0.0044999999999999997
2023-09,-0.052299999999999999,-0.025000000000000001,0.014999999999999999,0.0043
2023-10,-0.0315,-0.038699999999999998,0.0022000000000000001,0.0047000000000000002
2023-11,0.088800000000000004,-0.0011000000000000001,0.0166,0.0044000000000000003
2023-12,0.048500000000000001,0.062799999999999995,0.0487,0.0043
2024-01,0.0073000000000000001,-0.0504,-0.023699999999999999,0.0047000000000000002
2024-02,0.050700000000000002,-0.0025999999999999999,-0.034299999999999997,0.0041999999999999997
2024-03,0.028400000000000002,-0.025000000000000001,0.041599999999999998,0.0043
2024-04,-0.0465,-0.023800000000000002,-0.0044999999999999997,0.0047000000000000002
2024-05,0.043299999999999998,0.0053,-0.013299999999999999,0.0044000000000000003
2024-06,0.028000000000000001,-0.029999999999999999,-0.033599999999999998,0.0041000000000000003
2024-07,0.012200000000000001,0.068099999999999994,0.0557,0.0044999999999999997
2024-08,0.016,-0.0349,-0.011299999999999999,0.0047999999999999996
2024-09,0.0172,-0.0012999999999999999,-0.027300000000000001,0.0040000000000000001
2024-10,-0.01,-0.0094999999999999998,0.0091000000000000004,0.0038999999999999998
2024-11,0.064899999999999999,0.044900000000000002,0.0038,0.0040000000000000001
2024-12,-0.031699999999999999,-0.027,-0.029700000000000001,0.0037000000000000002
2025-01,0.028000000000000001,-0.02,0.017600000000000001,0.0037000000000000002
2025-02,-0.024400000000000002,-0.057700000000000001,0.048399999999999999,0.0033
2025-03,-0.063899999999999998,-0.027199999999999998,0.0287,0.0033999999999999998
2025-04,-0.0083999999999999995,-0.0057000000000000002,-0.032899999999999999,0.0035000000000000001
2025-05,0.060600000000000001,0.0061000000000000004,-0.0281,0.0038
2025-06,0.048599999999999997,0.0071000000000000004,-0.0143,0.0033999999999999998
2025-07,0.019800000000000002,0.0030000000000000001,-0.0134,0.0033999999999999998
2025-08,0.0184,0.037999999999999999,0.043700000000000003,0.0038
2025-09,0.0339,-0.0183,-0.010500000000000001,0.0033
2025-10,0.019599999999999999,-0.0057000000000000002,-0.031800000000000002,0.0037000000000000002
2025-11,-0.0012999999999999999,0.0040000000000000001,0.037600000000000001,0.0030000000000000001
2025-12,-0.0035999999999999999,-0.0104,0.024,0.0033999999999999998
2026-01,0.0103,0.0218,0.037999999999999999,0.0030000000000000001
2026-02,-0.0117,0.0016000000000000001,0.028000000000000001,0.0028
2026-03,-0.051799999999999999,0.0044000000000000003,0.032899999999999999,0.0028999999999999998
2026-04,0.099500000000000005,0.0019,-0.0137,0.0028999999999999998
2026-05,0.049099999999999998,-0.015900000000000001,-0.023099999999999999,0.0030999999999999999
2026-06,-0.010699999999999999,0.0339,0.035799999999999998,0.0028999999999999998
2026-07,-0.0061000000000000004,-0.019199999999999998,0.021100000000000001,0.0033
2026-08,0.025600000000000001,0.0033999999999999998,-0.035400000000000001,0.0028999999999999998
