ticker,as_of_date,market_cap,currency,share_scope,source,value_weight
MMM,2026-08-31,88616582913,USD,provider_reported_company_equity_market_cap,yahoo_finance_monthly_marketcap_20260831_20261006,0.0048896659422800921
AXP,2026-08-31,222967047561,USD,provider_reported_company_equity_market_cap,yahoo_finance_monthly_marketcap_20260831_20261006,0.012302825756440112
AAPL,2026-08-31,4624165933000,USD,provider_reported_company_equity_market_cap,yahoo_finance_monthly_marketcap_20260831_20261006,0.25515119101624695
BA,2026-08-31,164223082755,USD,provider_reported_company_equity_market_cap,yahoo_finance_monthly_marketcap_20260831_20261006,0.0090614644380015881
CAT,2026-08-31,366576933730,USD,provider_reported_company_equity_market_cap,yahoo_finance_monthly_marketcap_20260831_20261006,0.020226899855129685
CVX,2026-08-31,404364898902,USD,provider_reported_company_equity_market_cap,yahoo_finance_monthly_marketcap_20260831_20261006,0.022311955724537272
CSCO,2026-08-31,435616423597,USD,provider_reported_company_equity_market_cap,yahoo_finance_monthly_marketcap_20260831_20261006,0.024036345346911771
KO,2026-08-31,381507041376,USD,provider_reported_company_equity_market_cap,yahoo_finance_monthly_marketcap_20260831_20261006,0.021050709987177917
XOM,2026-08-31,661812229962,USD,provider_reported_company_equity_market_cap,yahoo_finance_monthly_marketcap_20260831_20261006,0.036517326832683668
GE,2026-08-31,348320111239,USD,provider_reported_company_equity_market_cap,yahoo_finance_monthly_marketcap_20260831_20261006,0.019219528997283165
GS,2026-08-31,298712747467,USD,provider_reported_company_equity_market_cap,yahoo_finance_monthly_marketcap_20260831_20261006,0.016482305002081431
HD,2026-08-31,327072590091,USD,provider_reported_company_equity_market_cap,yahoo_finance_monthly_marketcap_20260831_20261006,0.018047138039517963
INTC,2026-08-31,473159282001,USD,provider_reported_company_equity_market_cap,yahoo_finance_monthly_marketcap_20260831_20261006,0.026107876770032724
IBM,2026-08-31,220336969789,USD,provider_reported_company_equity_market_cap,yahoo_finance_monthly_marketcap_20260831_20261006,0.012157703914855204
JNJ,2026-08-31,640671542012,USD,provider_reported_company_equity_market_cap,yahoo_finance_monthly_marketcap_20260831_20261006,0.035350830693163464
JPM,2026-08-31,946367449143,USD,provider_reported_company_equity_market_cap,yahoo_finance_monthly_marketcap_20260831_20261006,0.052218450913414476
MCD,2026-08-31,186491849079,USD,provider_reported_company_equity_market_cap,yahoo_finance_monthly_marketcap_20260831_20261006,0.010290205433103567
MRK,2026-08-31,364549281230,USD,provider_reported_company_equity_market_cap,yahoo_finance_monthly_marketcap_20260831_20261006,0.020115018500126831
MSFT,2026-08-31,3766904972129,USD,provider_reported_company_equity_market_cap,yahoo_finance_monthly_marketcap_20260831_20261006,0.2078494379331644
NKE,2026-08-31,57945459339,USD,provider_reported_company_equity_market_cap,yahoo_finance_monthly_marketcap_20260831_20261006,0.0031973015628220447
PFE,2026-08-31,162212710342,USD,provider_reported_company_equity_market_cap,yahoo_finance_monthly_marketcap_20260831_20261006,0.0089505365597646637
PG,2026-08-31,337066205917,USD,provider_reported_company_equity_market_cap,yahoo_finance_monthly_marketcap_20260831_20261006,0.018598563532787066
TRV,2026-08-31,76323857800,USD,provider_reported_company_equity_market_cap,yahoo_finance_monthly_marketcap_20260831_20261006,0.0042113807122813448
RTX,2026-08-31,279969799253,USD,provider_reported_company_equity_market_cap,yahoo_finance_monthly_marketcap_20260831_20261006,0.015448110808090785
UNH,2026-08-31,349532409370,USD,provider_reported_company_equity_market_cap,yahoo_finance_monthly_marketcap_20260831_20261006,0.019286420911732858
VZ,2026-08-31,207821855604,USD,provider_reported_company_equity_market_cap,yahoo_finance_monthly_marketcap_20260831_20261006,0.011467147750505927
V,2026-08-31,712212264804,USD,provider_reported_company_equity_market_cap,yahoo_finance_monthly_marketcap_20260831_20261006,0.03929828865445241
WMT,2026-08-31,832011968293,USD,provider_reported_company_equity_market_cap,yahoo_finance_monthly_marketcap_20260831_20261006,0.045908569831966457
DIS,2026-08-31,185705176310,USD,provider_reported_company_equity_market_cap,yahoo_finance_monthly_marketcap_20260831_20261006,0.010246798579444192
