ticker,full_sample_weight,first_half_weight,second_half_weight
MMM,-0.46178480391880999,-0.56490086484614965,-0.82697662062618083
AXP,0.030839568597459458,-0.24325829163030316,0.03395469735880554
AAPL,0.15861688970213933,-0.071551020368460325,0.39022223309154036
BA,-0.10083748961456708,0.029623037389190133,-0.19208153111742135
CAT,0.35566070797311938,0.31237702183216232,0.036508577735432229
CVX,0.027018673077145776,0.19397858073060259,-0.16831585204313382
CSCO,0.13065945914538407,0.12392424264774923,0.070894534085188907
KO,0.10007618558242838,-0.22893177602652065,0.68510701423915277
XOM,-0.023432093115513287,-0.27768897112076973,0.39832839120423186
GE,0.011878699822669946,-0.0076512854162434987,0.56093097246366852
GS,0.13781287198023873,-0.07083218102292195,0.78960938965271565
HD,-0.038900935012009433,0.099134386391217216,0.23976248942915929
INTC,-0.086725548097964081,0.088100958360574869,-0.05518757465195346
IBM,-0.079270653236771724,-0.357937334418166,-0.055115198897271456
JNJ,0.13355538877991041,0.33044285514921307,0.10948675443976816
JPM,0.3382099899639559,0.35509108480562929,-0.10295902027866571
MCD,0.056642674772472382,0.12619143610546343,-0.26794768013937803
MRK,0.064888833573792659,0.036880841467212676,-0.12521677841179513
MSFT,0.47520448021206879,0.33479093767681095,0.2780991012972609
NKE,-0.2799062893718105,0.19285707337744573,-0.58102918319546626
PFE,-0.18722805602546269,-0.1497811026266152,0.063091284654301374
PG,0.094630359970490963,0.50862387445218182,0.033330531469994512
TRV,-0.069874052731746517,0.19622181538195482,0.11881975494588715
RTX,0.12860224478873519,-0.008141249093474431,0.23188613241408224
UNH,0.049050093783619346,0.3503341256648087,-0.15291221768800323
VZ,0.069464501473885873,-0.34537060018201216,-0.15807027505507279
V,0.19235463760740784,0.17439839461987663,0.32379311478368178
WMT,0.25777279287697175,0.10993132519564014,-0.0081812931793461725
DIS,-0.4849791325592408,-0.23685731449609659,-0.66983174798118261
