ticker,tangency_weight,value_weight,long_only_weight
MMM,-0.46178480391880999,0.0048896659422800921,0
AXP,0.030839568597459458,0.012302825756440112,0
AAPL,0.15861688970213933,0.25515119101624695,0.076588656250805909
BA,-0.10083748961456708,0.0090614644380015881,0
CAT,0.35566070797311938,0.020226899855129685,0.13878913115343797
CVX,0.027018673077145776,0.022311955724537272,3.2444414265916188e-17
CSCO,0.13065945914538407,0.024036345346911771,0
KO,0.10007618558242838,0.021050709987177917,0
XOM,-0.023432093115513287,0.036517326832683668,1.1051886120082776e-17
GE,0.011878699822669946,0.019219528997283165,0
GS,0.13781287198023873,0.016482305002081431,0
HD,-0.038900935012009433,0.018047138039517963,0
INTC,-0.086725548097964081,0.026107876770032724,0
IBM,-0.079270653236771724,0.012157703914855204,0
JNJ,0.13355538877991041,0.035350830693163464,0.017509947260394388
JPM,0.3382099899639559,0.052218450913414476,0.048512203853180787
MCD,0.056642674772472382,0.010290205433103567,0
MRK,0.064888833573792659,0.020115018500126831,0.14704037608494633
MSFT,0.47520448021206879,0.2078494379331644,0.28609051142156683
NKE,-0.2799062893718105,0.0031973015628220447,0
PFE,-0.18722805602546269,0.0089505365597646637,0
PG,0.094630359970490963,0.018598563532787066,0
TRV,-0.069874052731746517,0.0042113807122813448,5.6073020570569919e-17
RTX,0.12860224478873519,0.015448110808090785,0.0073193544673159586
UNH,0.049050093783619346,0.019286420911732858,0.027800230615415363
VZ,0.069464501473885873,0.011467147750505927,7.2788185516681141e-17
V,0.19235463760740784,0.03929828865445241,1.2690570210427696e-16
WMT,0.25777279287697175,0.045908569831966457,0.25034958889293618
DIS,-0.4849791325592408,0.010246798579444192,0
