portfolio,evaluation_window,start_month,end_month,observations,annual_mean,annual_excess_mean,annual_volatility,annual_excess_volatility,sharpe_model_annual,sharpe_realized_excess_annual,min_month,max_month,gross_exposure,short_exposure,maximum_absolute_weight
Tangency (full sample),full_sample,2015-11,2026-08,130,0.44546572846206123,0.42396726692359976,0.19794454256978045,0.19765193237986292,2.1418487290405626,2.1450195898352584,-0.13691909448864226,0.16973212666654902,4.6258781073677921,1.8129390536838961,0.4849791325592408
Tangency (full sample),first_half,2015-11,2021-03,65,0.38492912652748423,0.37501528037363807,0.19174586816447106,0.19189058634199879,1.9557932797381932,1.9543182785697657,-0.13691909448864226,0.13050759482145946,4.6258781073677921,1.8129390536838961,0.4849791325592408
Tangency (full sample),second_half,2021-04,2026-08,65,0.50600233039663833,0.47291925347356145,0.20393504320361752,0.20375319177122639,2.3189700310670909,2.3210397312673958,-0.061147271012954141,0.16973212666654902,4.6258781073677921,1.8129390536838961,0.4849791325592408
Value weighted (2026-08-31),full_sample,2015-11,2026-08,130,0.20789924464669207,0.18640078310823058,0.15711917760352284,0.15722324043147554,1.1863655726266429,1.1855803416637494,-0.097944101512745421,0.1252699848733789,1,-0,0.25515119101624695
Value weighted (2026-08-31),first_half,2015-11,2021-03,65,0.22869263441789617,0.21877878826405006,0.16220175621142691,0.16250711177809904,1.3488065319026268,1.3462720853890329,-0.094310725733115469,0.1252699848733789,1,-0,0.25515119101624695
Value weighted (2026-08-31),second_half,2021-04,2026-08,65,0.18710585487548798,0.15402277795241104,0.15289212207267425,0.15244184919570128,1.0073951218964661,1.01037070046743,-0.097944101512745421,0.11067901237840139,1,-0,0.25515119101624695
Long-only tangency (full sample),full_sample,2015-11,2026-08,130,0.22206880338822388,0.20057034184976236,0.13945739950742311,0.13941679920896743,1.4382194315840966,1.4386382630197514,-0.069799244833626858,0.11860449927994021,1,-0,0.28609051142156683
Long-only tangency (full sample),first_half,2015-11,2021-03,65,0.23975694317189233,0.22984309701804623,0.12725329559243853,0.1275540594063258,1.8061858119115277,1.801926948368431,-0.069799244833626858,0.090742764245752339,1,-0,0.28609051142156683
Long-only tangency (full sample),second_half,2021-04,2026-08,65,0.2043806636045554,0.17129758668147849,0.15150660785638384,0.15087314654632222,1.1306278261067986,1.1353749199423331,-0.066088406184142412,0.11860449927994021,1,-0,0.28609051142156683
Tangency (first half),full_sample,2015-11,2026-08,130,0.30812483788889883,0.28662637635043731,0.25264207860736754,0.2534270649441297,1.13451558794323,1.1310014438024869,-0.13775880662561285,0.3680301974683679,6.1258039824954658,2.5629019912477329,0.56490086484614965
Tangency (first half),first_half,2015-11,2021-03,65,0.44214653812818505,0.43223269197433889,0.13739497889473401,0.13739900792598467,3.1459133037568758,3.1458210543061407,-0.082078135596898888,0.11187069296479861,6.1258039824954658,2.5629019912477329,0.56490086484614965
Tangency (first half),second_half,2021-04,2026-08,65,0.1741031376496126,0.14102006072653567,0.32670408746438168,0.32708843211371147,0.43164461706317075,0.43113741386461019,-0.13775880662561285,0.3680301974683679,6.1258039824954658,2.5629019912477329,0.56490086484614965
Tangency (second half),full_sample,2015-11,2026-08,130,0.48646386744144487,0.4649654059029833,0.35653300686163342,0.35581705378783329,1.3041300439356833,1.3067541337696338,-0.39245505495814637,0.31142355971443836,7.7276499465297412,3.3638249732648711,0.82697662062618083
Tangency (second half),first_half,2015-11,2021-03,65,0.12815961423433758,0.11824576808049142,0.42585548219239616,0.42606819552233083,0.27766642211986242,0.27752779795152299,-0.39245505495814637,0.31142355971443836,7.7276499465297412,3.3638249732648711,0.82697662062618083
Tangency (second half),second_half,2021-04,2026-08,65,0.84476812064855222,0.81168504372547501,0.23050714692399477,0.23088276185531659,3.5213009859217612,3.515572306927444,-0.099697793338615767,0.20796967567936497,7.7276499465297412,3.3638249732648711,0.82697662062618083
