Month,MMM,AXP,AAPL,BA,CAT,CVX,CSCO,KO,XOM,GE,GS,HD,INTC,IBM,JNJ,JPM,MCD,MRK,MSFT,NKE,PFE,PG,TRV,RTX,UNH,VZ,V,WMT,DIS
2015-11,0.0025370430364628493,-0.022113279580000089,-0.0058041975140896707,-0.011620914895149603,-0.0046584022016358251,0.017113838937591108,-0.055459287823693693,0.014093585752688709,-0.0044497038566525537,0.03526982212785934,0.016910538357878035,0.082821344700888533,0.034108804673729898,0.0046242100390090357,0.0094650401711069421,0.037821148420786432,0.024989250354564563,-0.030186546372704903,0.039444185957007827,0.0095397128536560682,-0.023225982405693291,-0.020162166304146134,0.014881617161510041,-0.017672963548792775,-0.043046199294359599,-0.030503494433042455,0.020263123485833479,0.027952399937024586,-0.002373944660307159
2015-12,-0.037936165057879223,-0.029173628004650065,-0.1102278379611481,-0.0059126385602854548,-0.064555975893504591,-0.014892663512233395,-0.0033025040107101944,0.0079773924321719925,-0.0454322145445617,0.048195659540282598,-0.051521182462414994,-0.0078026232558304764,-0.0092032873404962467,-0.012910462916276622,0.014619058166854382,-0.0097484617487492153,0.034863669426958843,0.00502643398778857,0.020791199937337801,-0.05274389378513078,-0.014952635919649127,0.061063247318907665,-0.0096068733790840577,0.00020863346294763829,0.04824856742472039,0.016941889374404218,-0.018478880929148511,0.050534670965884043,-0.068003915414384553
2016-01,0.0023898532720982857,-0.22740256561540129,-0.075242632774930485,-0.16916798262232502,-0.072700742187998935,-0.038794932047189423,-0.11725445813969515,-0.00093136616008604456,-0.001282981163964414,-0.065809914748016896,-0.10358970185971261,-0.049073679889881539,-0.099564578182224195,-0.093227733951440794,0.016744652216766909,-0.092849198236131802,0.047740095459359644,-0.040703998868631852,-0.007029897948378383,-0.0078404339481430441,-0.055452100207407984,0.037678159020118507,-0.051568143417467627,-0.087228272184005418,-0.021080898296542916,0.094431765483445673,-0.039458604716731571,0.082544760910341575,-0.088123295096505627
2016-02,0.04638024416629305,0.038878638641556718,-0.0012875379398870068,-0.0071288291485182009,0.08772504809912185,-0.022802003741625443,0.10046268875660802,0.0048928659316274103,0.038888599284650827,0.0093905519767980561,-0.070440412570328736,-0.013040780488388082,-0.037703044672278696,0.060729209070663925,0.014673017644102559,-0.053781628129058179,-0.04606741077602361,-0.0090783886197493002,-0.069788668441749802,-0.0067730075433392045,-0.017111169616673916,-0.017137697645195016,0.0044840819935139109,0.11005088726085943,0.034212977956651791,0.015209039970265348,-0.026274398682130218,-0.00030130990681775938,-0.003130995743691134
2016-03,0.062217073509618359,0.10471386250580816,0.12721062525876659,0.074124225201730232,0.1305762962021868,0.14333711955630801,0.08747089177945977,0.083973711430702647,0.042919673460477314,0.090940570526005349,0.04982274853896973,0.080918906728273399,0.093274574869057547,0.1558423625618186,0.028419221169158071,0.051865086362337998,0.072446516493706703,0.062993105666729443,0.08549465341865603,0.00062506148412166951,-0.0010109564618804301,0.025158374930207117,0.091502964339834181,0.036017359278626593,0.086750109916837292,0.066035985329382596,0.056499656047006797,0.040052135867779448,0.039677663732664348
2016-04,0.0045010500456592606,0.070794388788867124,-0.13992121547603686,0.061918877014047302,0.025317196560914246,0.071068856920432522,-0.025591429284519074,-0.034274702644103816,0.057542718575699592,-0.032714603414955579,0.045420149851346459,0.0034481507826129576,-0.06398774407594221,-0.036381820970913803,0.03585939713750097,0.0751081833372782,0.0064448250504507421,0.036477182118911156,-0.097048495637660159,-0.04115841466664627,0.10357655585467285,-0.018632703489459557,-0.058349854562437464,0.042657566229777899,0.021566925103250645,-0.048119088915292263,0.0099371506189327441,-0.023653046855982018,0.03977452532974457
2016-05,0.012311890227565847,0.0050435465633114074,0.071773064249855745,-0.056535632467520802,-0.067035154196646629,-0.0010993145095099521,0.056748058758182118,-0.0044645079051770509,0.015476471900066624,-0.016910989697680123,-0.024229300076635707,-0.0081105394472322789,0.052274481420069296,0.063613018810576794,0.012621101642816601,0.032753148209297089,-0.035022406447999033,0.025893401470144406,0.070196585003634127,-0.063115011289196721,0.070337069090831816,0.011482364469581841,0.038580780511091151,-0.029914492664552594,0.015112875356195321,-0.00078539701770663495,0.023819327621593445,0.066220898032860909,-0.039124650384289583
2016-06,0.040399427188000381,-0.07138306447755316,-0.042659822656544333,0.029488669359013064,0.045510068645208568,0.037920954048453748,-0.012392354660162863,0.024162127325844551,0.053022005052085985,0.049239098502895873,-0.06834708833364378,-0.03352986661726487,0.038303038985314952,-0.012748628426709985,0.076404331561612748,-0.047954682987736197,-0.0068442996861469707,0.032354708872256221,-0.034528281234783686,0.0025581939505867624,0.014697988121034733,0.044792667193130908,0.049064076991916838,0.019586474344003735,0.061142794819455615,0.097053032858252175,-0.060425766851916252,0.031647384484622565,-0.014110119862969062
2016-07,0.018501195927172809,0.06089542698943351,0.09006274951411819,0.029183166074738365,0.10219369614455087,-0.022417343614303253,0.073828167482327345,-0.037503240322439457,-0.051098764312914935,-0.010800438155964986,0.06885168915183848,0.082621869576074092,0.062805011077966988,0.058242027979362065,0.032399245771592478,0.037463554012956868,-0.022353639399588343,0.018226217977712178,0.1076802428654966,0.0054348239893660111,0.047713360018288409,0.018787312044599824,-0.023689680549987768,0.04973194529210434,0.014164368614180356,0.002317311408220446,0.05231232431312316,-0.00068457712630332068,-0.011991408361440192
2016-08,0.011195897465674065,0.01737521953053367,0.023651986749344767,-0.023471893897071161,-0.0097871055146017127,-0.0081990783621571639,0.029806677908482238,-0.004583536464854765,-0.011994919422615657,0.0032110740926716286,0.071234035607646851,-0.024827680728870649,0.037350893724222844,-0.002289878735986961,-0.040676415715354408,0.055182108542945585,-0.0092742591587059442,0.070405582949443213,0.020079955881571188,0.038558505128238885,-0.04881323160105433,0.02009601826306362,0.021424954438591826,-0.0053190501650397515,-0.049930179937683894,-0.055585524018121113,0.038314126724528164,-0.014265417759152799,-0.015528875487486049
2016-09,-0.016793047943725825,-0.023482730989102918,0.065504077246235193,0.017690240094824228,0.08322155229601913,0.02326507680276424,0.0089056620226477534,-0.017597451048098289,0.0016071411713776129,-0.044456534085336674,-0.048329780696169222,-0.040560820395475261,0.051825307909596496,-0.00018891248263608329,-0.010139093480901362,-0.013481655132633663,-0.0025939007766687672,0.0012365483910641295,0.0024365865090265615,-0.084029258403639617,-0.026724237238752724,0.027946335600425698,-0.029593022441865346,-0.045382063669243466,0.033785560275915838,-0.0066883199696567974,0.022249270402493249,0.0095184529293339537,-0.016938402914766448
2016-10,-0.062021343880476865,0.042383571172147638,0.0043343951556291671,0.081144503877387475,-0.051518512528896276,0.01778045362823244,-0.024793612459048431,0.0018905568548170937,-0.045370814698481587,-0.017555707457786229,0.10522688576770589,-0.051834043048396561,-0.076291360862676516,-0.032483315418811221,-0.018115580545304266,0.047657065102236551,-0.024184903248192779,-0.059125177118517169,0.040277804296227515,-0.046913653698059887,-0.063773153363752888,-0.025402189615300386,-0.055608912001160693,0.0059054619585210411,0.0094998121666085567,-0.064090784772909859,-0.0022970046176703507,-0.029117986122147776,-0.0018306021137395323
2016-11,0.045620634703229523,0.084612716747086036,-0.021600704202952459,0.065198206903762879,0.14497955137950758,0.075673881513319996,-0.028031463238746723,-0.040303410823259056,0.057045597112261648,0.057044002186877218,0.23412128245900088,0.066200076641573347,0.0026591550543253462,0.06507661781822871,-0.033803830973075488,0.15752199463123073,0.067757051027426796,0.042063930178494191,0.01246804625357445,-0.0021919603736189064,0.023669147215077624,-0.049999770937986021,0.047790537653369158,0.060511982063682135,0.12467543696769101,0.037422270974766914,-0.060929496469410593,0.0058555357662637419,0.069371172327858943
2016-12,0.039769469946675962,0.028317992216655874,0.047954931981727178,0.034006641515670788,-0.029509979085957538,0.055037981186041973,0.013413835640411653,0.027509062471014811,0.033905582806536438,0.035039854478690069,0.091932753553559454,0.036167047699525723,0.045244912494076805,0.023240002120463732,0.035130273517112398,0.076337858346603893,0.020541804905195971,-0.030531818535994404,0.031198364400907064,0.018841551776003884,0.010578599918271925,0.019645679728703902,0.086247327249619588,0.017638215255099787,0.010864128543470963,0.069739052752371133,0.0090531813779850534,-0.011576263254806984,0.059555858972116349
2017-01,-0.021000323405822696,0.035444237071933671,0.04774619293049609,0.04971724690788859,0.040044621187041329,-0.053950817488963354,0.025273945190660507,0.0026532493726101336,-0.070573815106279802,-0.060126675743274016,-0.042305167127280718,0.0261037607442276,0.015164167798221717,0.051388862395004731,-0.017012299171806133,-0.013810954469809844,0.0069834604790977028,0.052998247075124905,0.040392243710246412,0.040723922026419945,-0.023091042389532745,0.050121936886990071,-0.037902508751319841,0.00045614568833629576,0.012872163083593735,-0.072049582258388312,0.060112538748418487,-0.034432642480000442,0.061696430077915476
2017-02,0.072895933596441642,0.048180182054474718,0.13377778798915285,0.11235050259808954,0.010453370264799533,0.019998539573121032,0.11263025519122838,0.0093816447844459194,-0.021771142852739178,0.011709573653571503,0.084547041162725378,0.053278287782541733,-0.0098201915839656317,0.038516028965126958,0.086257639620653359,0.070778883734411657,0.049111171203167547,0.062590773787038589,-0.0043634627369429912,0.080529071184499257,0.086278345618703289,0.039611811788188733,0.03786726130317164,0.032367576447178026,0.020234026428726404,0.012650080618532789,0.06525741885532832,0.062780715222599426,-0.0050611339563011448
2017-03,0.026723699176939286,-0.011866010066980626,0.048689948602008482,-0.018698167529786702,-0.040347547859240329,-0.045599771237588405,-0.011117680823202414,0.020366789145572994,0.0084848613890899927,-0.00033547791649179981,-0.073933363614872682,0.019416344061242041,-0.00359096213331489,-0.031587580144393779,0.019147390257731711,-0.030677621523825249,0.015354536318456846,-0.028411871664437149,0.029384188628929886,-0.021979403773362605,0.0026376576777515925,-0.013396281731192117,-0.0084679133331786449,-0.0030206657292531913,-0.0045875055198565384,-0.017730866580586202,0.010575112807354348,0.023684982491486206,0.029975581456536338
2017-04,0.023519591709259213,0.0058830404714502738,-6.9703572331047958e-05,0.045063718581837664,0.11157216151503335,-0.0062399689929926172,0.016769135507088695,0.016729727278197437,-0.0043897855989190049,-0.027180903136760803,-0.025770637871105451,0.063134066439548331,0.002217831364167866,-0.079533338449277236,-0.0086715002687758336,-0.003871724101627505,0.079623653551397888,-0.019043185674447516,0.03947785502029344,-0.0057421308147704853,-0.0084770527240599636,-0.02060410398158441,0.0092914958446113083,0.060422354040339021,0.066276696617805886,-0.047019733710703115,0.026442962356131305,0.043008352486623602,0.019490251830431404
2017-05,0.050355836372049101,-0.029148331554777474,0.067807438625809846,0.022920594192373578,0.030998898383410856,-0.020312647841652209,-0.074552638633367474,0.053765933120114351,-0.0047740244662922704,-0.055536447422097956,-0.052854391585541727,-0.01090944051853604,0.0063244627732816916,-0.038486651063217914,0.045602127343945309,-0.055747130040063486,0.078324869120155904,0.044601478528428551,0.02600503732206727,-0.043674400064537267,-0.028123917732826076,0.0087024278095713115,0.026220438282935854,0.024816945595124151,0.001715640752701475,0.015900646137434693,0.045812316209582926,0.052486972519814046,-0.066262913206251106
2017-06,0.018193231845828661,0.094879472756464134,-0.057213928472436226,0.053935838670617242,0.019255041214047308,0.0082138136470704115,-0.0072943520851180832,-0.0055180769213574177,0.0028564354424425176,-0.0051919660113682875,0.050364466605275382,-0.00071639691631342206,-0.06563257336509376,0.0078624549093244678,0.031500946680557362,0.11259904661042075,0.021406932741615536,-0.0084280830216453273,-0.013029892468560234,0.11721256831265414,0.02879004388956985,-0.010670876022096931,0.019373894672033209,0.0068433847712283669,0.062824883814457166,-0.042452826994825776,-0.015226451701911614,-0.037149929693856443,-0.015656945945096257
2017-07,-0.033719100579828076,0.015570825500988983,0.032703742807128178,0.22609356459845387,0.068048637202347884,0.046583089880404049,0.01417994984383153,0.022073853432274415,-0.0085464564886970074,-0.051832547547322028,0.015457494299924823,-0.024771660259292005,0.051274216932723382,-0.059546273830368368,0.0032504382794711351,0.0099007220928351014,0.012927471285720582,-0.0032765371150323963,0.054693154554650736,0.00084743880718995968,-0.0128012412038081,0.05028695128106575,0.012329135381595746,-0.028990366152604641,0.034462529007524445,0.097957064057144549,0.061633648434051613,0.056949929225186491,0.042332229207542982
2017-08,0.021500720035760201,0.010207292172164317,0.10699945363619601,-0.0056527067686749088,0.031066129275820975,-0.0044757597316695819,0.024165032752639037,-0.0063266683966766157,-0.037108275031466631,-0.041389984162422233,-0.0036652372620956664,0.0077287477670469062,-0.0038548895477189538,-0.0008905832933644442,0.0037071772883794374,-0.009912876767722012,0.037250847881770799,-0.0003133129082606434,0.03395260177438808,-0.10259971829210823,0.032910930551465212,0.01596552450200428,-0.053946629921962974,0.015831321494713446,0.036963854083563952,-0.0088844422275540236,0.041449252966813566,-0.017863869441720137,-0.079414316641659877
2017-09,0.027309843586739602,0.05063902497777284,-0.060243850367436735,0.060711052528564347,0.06145223233876318,0.091804261031694701,0.044085868319634569,-0.0039927748944512675,0.074020687114405348,-0.0052304520983146308,0.060114622289217046,0.091346341869740888,0.085828441522319165,0.014332966091061383,-0.017828673224610569,0.050830784001275608,-0.020566455235653036,0.0099144967587476707,-0.0037447438598791072,-0.018178716249629079,0.052476441764040649,-0.013980642980112035,0.01727950045709048,-0.030404449303156889,-0.011597538157113951,0.031686553206044854,0.016615284947347986,0.00089694987320254604,-0.025988086567151902
2017-10,0.096664714218454906,0.060013092547912317,0.096807582951695892,0.014830152278882958,0.095421043036755915,-0.013701858825694413,0.024237352617890728,0.021550892309866398,0.01671103048200262,-0.16625305596776074,0.022302686867001098,0.013572915926154172,0.19459013283336035,0.061896912722029462,0.072302423645290714,0.059555082416412164,0.065292122309863476,-0.13962204979973869,0.11666003084951027,0.060559486676078578,-0.01792702239658428,-0.043888695021707891,0.081047892552666312,0.031702334680818511,0.073371973352756248,-0.021129829945799372,0.045040009470775688,0.11735311978062057,-0.0077102028846586235
2017-11,0.061586353763993573,0.022926834521914019,0.020277803798085747,0.078719264858143401,0.039396323430803903,0.036360947342108707,0.09223994094340715,0.0035941298887458561,0.0085285919867623683,-0.092758138449529626,0.024489607815324055,0.090185564037580601,-0.0084472866783031897,0.0094053100887325769,0.0055463158929309753,0.038862890059027766,0.036458329798192635,0.0032673633581286055,0.016983646248104112,0.09874508243868152,0.043677446937975928,0.042274863314155864,0.023556142390147139,0.020185758244841923,0.0890518044295463,0.063087891157723286,0.025545451683666842,0.11361864443691871,0.071669541289284711
2017-12,-0.031956832606285457,0.016375210417216124,-0.015245630595884352,0.065426289004894667,0.11640086313684761,0.052105541154507939,0.026809862933110384,0.0024032912855793676,0.0042023673320252808,-0.039339211933918539,0.028751392869507786,0.053998543772891816,0.029438118762215026,-0.0035723688714759394,0.0027991850313691113,0.023153416551410233,0.00087228881840784034,0.0267528265343282,0.016276523164380885,0.038691483003986171,-0.0011032331194559264,0.021002083272631866,0.0059127633118334355,0.050391121035534336,-0.033790398150968626,0.040085912434369764,0.012700961166476343,0.02098534823867193,0.03391382567799317
2018-01,0.0642818793063622,0.0044376701019108733,-0.010636642755582293,0.20162070034894963,0.037794050551422487,0.0012777377750463614,0.0926848764256194,0.037271056598319197,0.04375898187113525,-0.073352213711355807,0.051538582582382197,0.059990247729839963,0.04289405257414125,0.067005900914901551,-0.010950775655372613,0.087269275573369054,-0.0056938341423943273,0.05295921778356627,0.11070850519500852,0.090647303489327813,0.022639300320216771,-0.053132114334419556,0.10527850223616264,0.081837372027176558,0.074026887685074483,0.033173310701738457,0.089545717288716187,0.079493565781179276,0.010789801032468516
2018-02,-0.054296398356017961,-0.019014168452630709,0.068185347786099193,0.027169436013326331,-0.050068047230099832,-0.098251951341264632,0.07799712790096458,-0.091825857083091988,-0.1235457774773383,-0.12017456453848074,-0.015759785758548639,-0.092732580002522047,0.030835146919345302,-0.038703625845130873,-0.054116157586576397,-0.001469653595615239,-0.072467268166006127,-0.08489468352819407,-0.0084149667317414689,-0.017443202141713687,-0.010626539913741628,-0.090572292303858437,-0.072838776436665364,-0.018269648169741748,-0.044851854662394053,-0.11707027043711227,-0.008661055889073288,-0.1556283384702285,-0.050703942620731746
2018-03,-0.067895497706861097,-0.043380302963003659,-0.058050738448250039,-0.094779106431717164,-0.046885530703308254,0.018942369429268302,-0.042206123491216108,0.013729029604460985,-0.014919195968594257,-0.044649647546574078,-0.042102817525380476,-0.01653356070472245,0.056603542072029001,-0.015401282992686949,-0.013319965785206889,-0.047879042767542845,-0.0086218333539470615,0.013395791281620273,-0.026660946049690715,-0.0058035450209165118,-0.022583407548650625,0.0096791480955835674,0.0041988289020138403,-0.066201755695143083,-0.050634434746814949,0.0016755132148329466,-0.027005081947105269,-0.005661248959198284,-0.026366920943003969
2018-04,-0.11447687151809527,0.062615180895881251,-0.015019773575832285,0.017323141816884213,-0.015559512258555008,0.097071105724117146,0.040942996494211403,-0.0050656137701010628,0.042085359522644472,0.04376864802486935,-0.053719991483060059,0.03680458585162949,-0.0088323552826091722,-0.05520425018149,-0.0129535532329208,-0.005804679917546518,0.070725737331734484,0.080778690589191626,0.024652300026200225,0.029349139697345539,0.031558221616671878,-0.079094109345591135,-0.052282802764862746,-0.045064419802349431,0.10467304668944788,0.044980024594226675,0.06069210871920383,-0.0057319461940178451,-0.001094880926160835
2018-05,0.021549013255887761,-0.0045569457483516373,0.13512387404236015,0.061028768540691614,0.052299738743100566,0.0021892281000703839,-0.035674111040596701,-0.0048601945921147305,0.055478395475116571,0.00071052986842312649,-0.048887002846069505,0.015121503311541051,0.075524730126426354,-0.014358139683824711,-0.047298977044276325,-0.016271513441787899,-0.044374870644492859,0.01121106115358006,0.061467063394403221,0.049861885449697496,-0.0089936948614700585,0.01147371346588244,-0.023404114060845749,0.044729207865463749,0.021615978628512833,-0.034042570307852071,0.031920537714407393,-0.061044856134122139,-0.0085719486329874917
2018-06,-0.0025857873465306991,-0.0030519287627013281,-0.0094183872301744076,-0.047279664046921521,-0.10690563386779461,0.017136261731129476,0.0074922411502080788,0.029084512686799124,0.018341221408505248,-0.024800859370386341,-0.023507962253717762,0.045832136137049062,-0.099456783298647267,-0.011393320753931846,0.014378907781003702,-0.02625909143629146,-0.014528194734110822,0.027534052941021292,-0.0023270632975110894,0.11284873934140882,0.0097408880446641088,0.066830520114215419,-0.042359757559018663,0.0016820224554623397,0.019451710724518456,0.05538110492047954,0.013234304447331091,0.037678466661287935,0.053684425276706582
2018-07,0.07930043984026991,0.019155830706212296,0.027983345572713203,0.061965402241680456,0.066423684981370634,-0.0012658135317952235,-0.0095369973019958643,0.063155770805308542,-0.014747104062735938,0.0014694651575868356,0.076437918462136656,0.012403972157587484,-0.032387648295150839,0.03743726243989709,0.092138134755653356,0.10916166265571237,0.0054247586495754785,0.085173260768642178,0.07575310763210874,-0.034764116413304125,0.10060620103682405,0.045529525083534139,0.063756722219283857,0.08565944092047606,0.032118782356702402,0.038335778503620244,0.032389129354392532,0.041798063440033006,0.092194014144500347
2018-08,6.5031553970529288e-05,0.06491181083830222,0.2004223388611106,-0.033163568601207394,-0.034422659724566929,-0.052856981466887887,0.12958150948959024,-0.044177704064490064,-0.0062946599978360718,-0.050623721077258765,0.0049177901906762855,0.021664334798677132,0.012984027531127706,0.021614214085925454,0.023148048952942313,-0.0032189518211322987,0.036199025818985042,0.041293274777263855,0.062992673746995465,0.071414167312128018,0.048673971567758434,0.025593450700577502,0.011218835135660576,-0.024580195828745377,0.06018485955670716,0.052866301152941109,0.075843430787195798,0.080542208011463501,-0.013561175386216151
2018-09,-0.00099590885879441426,0.0048121313913995767,-0.008303106555174522,0.08492076502304724,0.098235436441237445,0.032247020053951303,0.018421486284628363,0.045162272960760808,0.060496402565636487,-0.11919556335783699,-0.057062362319295512,0.031777588516675337,-0.023539110401902708,0.032291069611322998,0.025837118828409,-0.015185634284051841,0.031189893181657879,0.041318348031754715,0.018160913906989373,0.030656753521832947,0.061416381716959512,0.0033755537071127328,-0.0086035460440252454,0.061579044811507,-0.0056706833352688779,-0.018024806666149029,0.021785241763397467,-0.02034232976100836,0.043920808348553608
2018-10,-0.097052853116654347,-0.031826658956943255,-0.030477495086634443,-0.045818831219789469,-0.19933646733775345,-0.086931566473464117,-0.053251524657368599,0.036588176402496675,-0.062808846015585562,-0.10540311043952999,0.0050390843582768241,-0.15095362648356314,-0.0086698831631378814,-0.23662452659092126,0.013172099143451632,-0.027087482290175435,0.05744516634792074,0.037637366194049005,-0.066101339630661782,-0.11425874673981939,-0.022918215932762442,0.074895977025894345,-0.035309507175197652,-0.11157995099055218,-0.01762875905088146,0.081150723378662803,-0.081551152211159716,0.0678307258001698,-0.018043454669344872
2018-11,0.10028325371609537,0.09286460553301179,-0.18119735646273505,-0.018313408769712436,0.11828250241324256,0.075704609996017247,0.046338432540073526,0.060955350354976678,0.007855107048969856,-0.25742563727151302,-0.1504539536901639,0.03137743930755521,0.058453808022017162,0.090294741414492563,0.056042954318297422,0.019904566825934999,0.072202264547624573,0.0778427663856045,0.042683808038100457,0.0040373867355292248,0.081902846373740124,0.065742160695825946,0.041876387372500101,-0.013454873812710599,0.080003943832801294,0.05622680103113864,0.029847307419430091,-0.026226290520054096,0.0057474835798416724
2018-12,-0.08358988881301832,-0.15097555360221804,-0.11669847936130595,-0.069961925667469171,-0.06338934704252519,-0.085337265411607022,-0.094839752229975094,-0.06051595285154121,-0.14226385225704841,0.010721439132360455,-0.12397056247551808,-0.047138313005980481,-0.04826616817080176,-0.085298259639874585,-0.12151087861329757,-0.12204326264189524,-0.058034252441816925,-0.030178781345988837,-0.084047162925123153,-0.013045530530157223,-0.055807680303495588,-0.027404911451020975,-0.075785735250182062,-0.12606694055271128,-0.11458627471762861,-0.067661418843398269,-0.068943789103588338,-0.040877452297592543,-0.043202577488220872
2019-01,0.051223345883247617,0.081833308216688661,0.05515390794229913,0.19572079182890101,0.054667862929352218,0.053865215788204912,0.099841852392483554,0.016473173342491876,0.074644240101154002,0.34213988084013169,0.18533320708423262,0.068152548515323375,0.0040485577585582799,0.1825463068914801,0.031228028019127052,0.068843481856246003,0.0068141965968604445,-0.025912718551805103,0.028157839990789801,0.10439700508798988,-0.018998070173308124,0.057800171542659262,0.048350733652904987,0.10884702311745742,0.084617894392956527,-0.010412266546491744,0.02326837103322843,0.028771080890799938,0.01705424903772701
2019-02,0.042554894479869709,0.049075057295504765,0.044776761535497256,0.14664755227429849,0.031391111184361664,0.053485215947879139,0.09473453230762785,-0.057968086832598575,0.090439698413032232,0.063543515290657604,-0.0026038965682292359,0.0087724820452350638,0.13106332990486136,0.039572762219102664,0.033560313180991841,0.0083092819692145437,0.034849793792655737,0.092167387044358229,0.077357400114959285,0.047020015836304996,0.021201436500607462,0.021561595824318935,0.058706254161533966,0.070693655154469459,-0.10355279405873619,0.033781356030208931,0.099018331139059557,0.032974799634888363,0.011836537013167225
2019-03,0.0018807214512379655,0.014479399372368862,0.097025533302950384,-0.1330574557133104,-0.013470269089668863,0.030105305654483328,0.042881876751581505,0.042546932626233991,0.022396136694905699,-0.037479998148917115,-0.023944961162989054,0.044176737753830686,0.01397279377531313,0.021501422176788187,0.023053493196244057,-0.029992473781285001,0.03296337630209667,0.030069743984033614,0.05275381134112167,-0.015202878676691012,-0.02029975976138787,0.055809388800024617,0.038055550383115921,0.025622848485583161,0.024703459075003931,0.038826393767325884,0.054483062778086788,-0.0094477674461680428,-0.016040529506036072
2019-04,-0.087929440790486479,0.076349096639643843,0.056435612412303771,-0.0097792503940187236,0.035243142982360531,-0.025328821295761306,0.04286447937930582,0.046948442041733429,-0.0064355977296071121,0.018017910803955095,0.072555874239711438,0.061545590367340086,-0.049534226611448462,-0.005882454907885748,0.010086431076747226,0.15517155165462593,0.040389925584548791,-0.053624954958402915,0.10734280641745086,0.042987867769972432,-0.043795702318151664,0.030578289470412967,0.048046195642813538,0.10644692372028741,-0.057388932844449347,-0.022844082121205256,0.052756487425259957,0.054445246552016879,0.23363061546871444
2019-05,-0.14982396457287028,-0.021495952573680199,-0.12421233370557794,-0.09033186977263552,-0.14065430847092908,-0.042394222443658647,-0.070062733522896825,0.0014265929480621331,-0.10835575536099351,-0.071779731778556566,-0.10978780390723142,-0.067992138512743217,-0.13186318072606062,-0.083920512277804837,-0.064820245518769193,-0.086945104444116073,0.0094199684770379655,0.0063522003220737311,-0.049480755228266116,-0.11926786688935309,0.031475906644740537,-0.033527275690986902,0.012660536485714413,-0.10948251693565725,0.037456562157285545,-0.049659244323643215,-0.017344195504999216,-0.0083739482633983231,-0.035993236235938975
2019-06,0.085070314665083968,0.076104885943955924,0.13051849752889755,0.065571961838013282,0.13755086660087423,0.093017157881569501,0.051893160608082578,0.044524728210345144,0.082803475157022133,0.11335869735694493,0.12115710830447468,0.10312759715445052,0.086966384368563965,0.085912407307735528,0.061990225274752175,0.055114907570637417,0.047359617760659223,0.065648793996285093,0.08311779436414013,0.088281206355352193,0.043352922893909795,0.065493696505158239,0.032818585663266342,0.030878825720133118,0.01360861126729529,0.051150275956838964,0.075745698599329891,0.089215483801450945,0.057558156018528761
2019-07,0.0079614193684616197,0.010684702896959219,0.076394917693692665,-0.062718131094098739,-0.026464316647479058,-0.010688044436075406,0.018630263489943788,0.033582360483238594,-0.029622889043733447,-0.0047620573819354695,0.07590422975166744,0.027504092985899842,0.055984882772072142,0.074981689109245631,-0.065048943171771567,0.044912738667318042,0.014735735098147407,-0.010256591172400409,0.017243739936755986,0.024776740470848102,-0.10341649609665426,0.083488069463680148,-0.019395413154424834,0.026113761488837595,0.020491074541091558,-0.02237400974523629,0.025640740815823904,-0.00099566400690642709,0.030475678311232324
2019-08,-0.065935264235929769,-0.032162020447009554,-0.016461512123653876,0.073808391515921334,-0.096225242087718654,-0.033952186739277801,-0.15505424584462835,0.045791391090160616,-0.067623864384167343,-0.21052627590890194,-0.067870092045412167,0.06654481234000964,-0.055784393391422382,-0.074966667860479896,-0.0068971513544368035,-0.052931143449731488,0.039875242468230043,0.041932622865428648,0.015036809722125399,-0.015247387788143274,-0.076143282899341247,0.018553174679043494,0.002318963963909404,-0.019350758262459578,-0.060278828223660263,0.052288735209156778,0.017308553192103782,0.040246991062871551,-0.04020682127152686
2019-09,0.016571596498661689,-0.0173631854132964,0.072961657169710259,0.04498882931207504,0.061428612882665767,0.0074755464603626365,0.055543666040145157,-0.0036696548104830917,0.031104026896377146,0.084808118307847735,0.016281496418334873,0.02425018560327219,0.086901398542454711,0.072972648418218933,0.0079465523060848753,0.071272647033987502,-0.014956006889681683,-0.020013538993254976,0.00848708456679792,0.11147947497120181,0.010688808160483232,0.034516990998029851,0.017229771875971966,0.048218163141698689,-0.066902308995032356,0.037826764422999704,-0.048722561166029799,0.038683781649335058,-0.0505610033063294
2019-10,0.003588852036761514,-0.0046621432133500118,0.11068460796064228,-0.10660493981461494,0.0995414903368117,-0.020741955372371779,-0.031170961988715495,-0.00018386184871799216,-0.043053589469425724,0.11633113261642603,0.029677724009756323,0.01103367073257977,0.097030764728458063,-0.080387618639983116,0.020559319846174873,0.069935289574287074,-0.083880687226534301,0.029460998756441592,0.031215830092395924,-0.046529055409089581,0.067909920618229425,0.007439789507393435,-0.11856922264737624,0.051714374771363758,0.16280135948985608,0.012246603074599793,0.039823327427336075,-0.011965174438073989,-0.0030693499981685468
2019-11,0.037880014990083755,0.024215537097034057,0.077553935193456436,0.083571999517080719,0.050290622663323736,0.01846148444368878,-0.046306179267808001,-0.011594715984420634,0.020447498778697559,0.12925836733739571,0.043199812586319775,-0.059979456542576193,0.032540189859055602,0.017258337615352337,0.048489504009138207,0.054755157387493814,-0.0049501115709383869,0.006000642396773781,0.0594626709169217,0.046721907317520239,0.013611834522065713,-0.019677239874948405,0.043186696975434202,0.038297827283893193,0.10751875681060397,-0.0038037739341926224,0.03331657015506706,0.015606611612126287,0.16671808154877588
2019-12,0.039170338701825402,0.036380478083368084,0.098783461049754218,-0.11038279787974836,0.02038252587824041,0.028856829730870892,0.058486129208147553,0.036516578200170624,0.024218306070102891,-0.0088627632908286902,0.038761815925013154,-0.0033256882620734673,0.03100781199830327,-0.0030494853616157558,0.060950403223680061,0.057984366024339984,0.016094413204642999,0.050396893737168602,0.04174944117524837,0.083645242426441113,0.017133764472124335,0.023267256279432269,0.0077708927190875965,0.0095727178019175962,0.05445475053843829,0.019256337642960197,0.018373046962137929,0.002376846879263983,-0.040133679707648473
2020-01,-0.10066907807232151,0.046831825819354966,0.054010280669600785,-0.022992507093805958,-0.10433796641256043,-0.11094505369646468,-0.034446361791130697,0.055103857524413824,-0.1097734900225108,0.1155916738623024,0.034010644060721074,0.044509648053209006,0.068170260289772244,0.072291778235455517,0.020565785616521559,-0.044406653443091026,0.082789377711995238,-0.060582611401657549,0.079454376987925901,-0.049452035222925295,-0.039805876877693547,0.0036861881029846,-0.038919264648490826,0.0029381753123227661,-0.073236578317652512,-0.021846844466703264,0.058914277278673488,-0.036604282606153227,-0.043697923575233388
2020-02,-0.050853949371741702,-0.15353801379233833,-0.11470134268992616,-0.13046526280293547,-0.054130172124636777,-0.11862110474967502,-0.13139012513922532,-0.08407535034114666,-0.16003694872276386,-0.12610463001694128,-0.15037819055805546,-0.044980201997469438,-0.12727308026140272,-0.085026986961172946,-0.09090114339358657,-0.1227713085846257,-0.086857546896577653,-0.10393236204548462,-0.045688036246870678,-0.069283899347638567,-0.10257771529905035,-0.091398015706963598,-0.089728099030522812,-0.12642199197616211,-0.064195118878916713,-0.088828932119391912,-0.08517241279390797,-0.059480939908796548,-0.14937447060874365
2020-03,-0.085298832202860164,-0.22123179628370715,-0.069761545828070259,-0.45788954479764621,-0.066001393028034427,-0.22369830131035695,-0.01552740797780594,-0.16548738914681271,-0.26185834407165065,-0.26949583557015566,-0.23001444662121961,-0.13716857654351511,-0.025216335065677775,-0.14767582592860362,-0.024910705735964545,-0.22461463743701515,-0.14842695569432129,0.013265524743254264,-0.026541588455452292,-0.074289663222807611,-0.023339526396991106,-0.028525928447988957,-0.16528744609101031,-0.27766277548024598,-0.017648723180037074,-0.0079397361181695603,-0.11355601768983381,0.059832530553077579,-0.17892061061309317
2020-04,0.11288515448402525,0.071801038604001555,0.15537378047862727,-0.054445454944470728,0.01213779630365952,0.26966638513926799,0.08831910734563353,0.037062137505711412,0.22386052825836522,-0.14357661731863325,0.18649307730693576,0.17738730351620546,0.10827799743210775,0.13188499182513747,0.14420817643026607,0.074698390664499792,0.13432148910057862,0.031193161523280777,0.13632615543774596,0.053662576957039132,0.17524519729781551,0.078691474900602909,0.018721420688862178,0.24545213168862601,0.17278834980484059,0.080734228141185582,0.10923505722934279,0.069793677796315956,0.11956530770407525
2020-05,0.039966166908912415,0.041863335375278199,0.085094127647112883,0.034250472874208571,0.032221954429131783,0.011371386904202252,0.12836241555104233,0.017215168983604867,-0.0025469979029150158,-0.033823921075001984,0.077953702018605631,0.13032802754480377,0.055109545742024313,0.0080843225457345458,-0.0017253459551137551,0.016186250692659776,1.1743869984037758e-05,0.017393464874349673,0.025391343227004093,0.13358444269153003,0.0054900689885672982,-0.016543327346577041,0.057010642663392952,0.0043437158592389835,0.042328692652438882,-0.0012183354435504334,0.094264514142549549,0.025139799284412456,0.084604586603461263
2020-06,-0.0028763770953028622,0.0013671822269261114,0.14738630686641097,0.25677062311305221,0.053025939144800249,-0.026935526912172936,-0.024676087943792946,-0.034149519571466502,-0.016494426680811913,0.041132515541627335,0.0057510699952114663,0.014189370697417658,-0.049261010384274551,-0.033066624118024968,-0.054588310280436647,-0.033398465018084855,-0.0099291360477264945,-0.034381696717543098,0.11055939196090958,-0.005376414552307085,-0.14375486131171378,0.031486998289646628,0.073213713083946308,-0.044947352690482001,-0.028307393007012793,-0.039212320111458365,-0.010602431746799645,-0.034499608873857057,-0.049360536244329567
2020-07,-0.035386898973816083,-0.015300134494292239,0.16513184542782611,-0.13802510982290561,0.058301829321705689,-0.059284680662088807,0.017818160617392609,0.057296394306908027,-0.059034186967979352,-0.11127360401463016,0.0017203189867813773,0.059798099104289015,-0.2022398514375785,0.017968270289970834,0.036478843150738127,0.037441143237983532,0.053179821205006528,0.037630838829032287,0.0073703479311924003,-0.0044875248823664782,0.18825931514397221,0.10351615721216478,0.0032439945603786047,-0.080168626716142777,0.02654667271135347,0.054335199176484883,-0.014339884935777425,0.080314013169030307,0.048695150229553619
2020-08,0.093266587139778201,0.088619839074869811,0.21656916721465258,0.087468400786194556,0.070966648761597195,0.014295683272429471,-0.10360938924829732,0.04847596321519454,-0.032130812670929654,0.044481111596957001,0.041171670798753057,0.073637607915762349,0.074712740546899692,0.016142296702430059,0.059488301472696792,0.036734430989928901,0.10546193548094096,0.062686475230242733,0.10275221411674762,0.14883589425609434,-0.017931123591231501,0.054987719864050266,0.014158452634472019,0.084227894001839054,0.032267369765039522,0.031141020306092226,0.1150762123247302,0.077440729311120338,0.12767230660469342
2020-09,-0.017421290981817883,-0.013190357527664953,-0.10252635170016344,-0.038179563134369321,0.048063584972424245,-0.14214217817853225,-0.067029873947138108,0.0048381938319088658,-0.14046061538604282,-0.015726095959268438,-0.019036358575529766,-0.020577705605026142,0.016290307927905312,-0.013299826268207471,-0.029528769207652572,-0.039125822073413308,0.027960029423912625,-0.020132384955616978,-0.067396802188258054,0.12199487410546683,-0.028843845663357293,0.0047712934437986743,-0.060628981633521595,-0.056721524101109644,0.0016151680577083383,0.0037119372950007445,-0.056700881306846918,0.0076339258307382973,-0.05907330785712539
2020-10,-0.0013733388295843474,-0.086074098259409815,-0.060012057662791496,-0.12628582724734516,0.059398469095888196,-0.034722206084601415,-0.080194477928250296,-0.02653427018374177,-0.049810642549846573,0.19101140769714497,-0.059362254864462005,-0.039609841609724694,-0.14484360470919511,-0.082271789601639833,-0.079056733785205946,0.027835736375296127,-0.029568577538677698,-0.093309174496568281,-0.037369929684505254,-0.043492011607642378,-0.03324245532681358,-0.0081209341376254907,0.11572225509832124,-0.055961035192351738,-0.021265796590281938,-0.031823945047297353,-0.091313298447583624,-0.0082909361657161895,-0.022807946116056854
2020-11,0.089173642130353059,0.29975880096694829,0.095493168604514622,0.45931163934178487,0.1053168016090964,0.27284598239731661,0.19832818084403447,0.082076367100065939,0.19711644639147363,0.37196776733937353,0.21974191266603849,0.040118344389395766,0.099857149878017859,0.12225590627310479,0.062543363305376243,0.20236621593533388,0.026912518337033786,0.068873833965119369,0.06006038085250065,0.12175196020216661,0.15223538368840139,0.012910084359474272,0.07406182085349533,0.32991744314994031,0.10224787550856651,0.060010388666261072,0.159357858569394,0.10118907977949121,0.22070097385494214
2020-12,0.011926263421241146,0.019563449420447521,0.11457363086335048,0.015898584490463552,0.048562875858897625,-0.031314553034745729,0.040214248559315768,0.062790714482447774,0.081038577175640336,0.0618794624779615,0.14991519011198284,-0.037279214774822433,0.030403513985380881,0.019106469034713802,0.087780096881956426,0.077960796283589318,-0.013153094091040929,0.025575293599983562,0.039006123812748372,0.052373054941194486,-0.039154211356420499,0.0019443285199178817,0.089530933945444202,-0.002927874159179944,0.046386764105259992,-0.027478985723634497,0.039838101739260612,-0.053099206076726024,0.2241064245647888
2021-01,0.004977389851109848,-0.035086891858323477,-0.0055014525948060555,-0.092824419993504659,0.0098494615158364329,0.0088808889985352302,0.0042802292758741256,-0.12199126281771711,0.08782136391068196,-0.011111045588856117,0.02828854304651518,0.019576810530790967,0.11421084081468091,-0.053781393192472993,0.036536009081258314,0.01988397381066509,-0.031410072711910653,-0.057824137058835046,0.0428918822895068,-0.055701076173613862,-0.014111880145195377,-0.072995985364366245,-0.028994754319890514,-0.066844134697897073,-0.04876217119059012,-0.058108483130207778,-0.1164904703805546,-0.025390363281544315,-0.071807032584836672
2021-02,0.0047968685733887906,0.163426995115457,-0.079712149924544673,0.091765754371451624,0.18070418841795721,0.19029998485902389,0.0065052115848038827,0.017445605079279281,0.23312498068891752,0.17415733232267105,0.17815420737258236,-0.04608251482879433,0.10158414750257028,0.011831246653374317,-0.022570592599790218,0.14377869833619661,-0.0020769948964141083,-0.057739741360394836,0.0041178471318157328,0.010959170734385015,-0.067130741736911914,-0.036502721665907845,0.067498163698459068,0.085463196149415666,-0.0040772481798486693,0.010045704924086518,0.10074881555389559,-0.075236855744434505,0.12410064704936619
2021-03,0.10065095329664908,0.048832761144422809,0.0073397859288963918,0.20145279854950449,0.074069075167509268,0.047899878018991648,0.15243997729626435,0.084889127108250584,0.026853193409861476,0.047821460461461074,0.027558389934196459,0.18898679942516527,0.052977886765271931,0.1204912542548664,0.037170454346772575,0.034381574339531928,0.087319323572141005,0.070880407340572882,0.014588168785007127,-0.014022779607219205,0.081815362813133063,0.096332624827407454,0.039349122590808028,0.073343765093028201,0.12392942239395355,0.051536945120999267,-0.0031075818187082938,0.049855009320524335,-0.02391023194188735
2021-04,0.023147103513792011,0.084205428985084874,0.076217930450374727,-0.080127212485465726,-0.011769059237204615,-0.016413737384947891,-0.0084124125698578078,0.024094082581713305,0.025255239884739211,-0.00076157251230069001,0.065596393177704826,0.060343945907197716,-0.10109371535876088,0.064685458220739456,-0.0098571582480260211,0.016330304223037606,0.053270287972791763,-0.033597158111587921,0.06960171721287578,-0.0020317088545802608,0.066795641436533604,-0.0085384000302042296,0.028324536962189395,0.077261705362362987,0.071841541378317775,0.0045012901957084406,0.10310293990816621,0.03003733270481046,0.008129205513278448
2021-05,0.037506946332000801,0.044212730738229844,-0.050497240543750488,0.054244406326233729,0.056858749032471678,0.01931182003868348,0.039088445347816858,0.024268279323703013,0.034596950689340655,0.071646449182896754,0.071248116184668753,-0.0147058251062403,-0.0010114831847299888,0.024429287726924986,0.046555619921622826,0.067810740570543704,-0.0038048379436239621,0.018657634618812757,-0.007627271454102913,0.031031260714099895,0.011943772751731974,0.010718132546809089,0.032587498531227332,0.072130467947832066,0.032898469333048519,-0.022495149681364235,-0.02538888745994361,0.019139347063464873,-0.039619368980463587
2021-06,-0.021719579365703678,0.031849104125288852,0.099109191679100039,-0.030200010464087157,-0.097270677923823157,0.0091532562076039881,0.0018904876686558492,-0.013967833234509897,0.080692245909829596,-0.04194565746682033,0.020187234691921629,0.0051804771385819404,-0.017157014605312271,0.019827564751957016,-0.026647198051275356,-0.052971367861357033,-0.012398746859262233,0.085323168270907246,0.084988623544958619,0.13212616783711728,0.011102647466242566,0.00059311504904169254,-0.057288738155800489,-0.038327193850171137,-0.024309032441228728,-0.0081431241419416267,0.028684772466170738,-0.0071112106706815448,-0.016120825409376538
2021-07,-0.0034735488368193845,0.03476914615241955,0.064982705208136426,-0.054600108383518697,-0.044894974806121701,-0.027974320413524767,0.052000670816146899,0.053964156473298219,-0.08734952361947379,-0.037890044229850539,-0.012252219581533552,0.029163763362930917,-0.043106374216902998,-0.038406342550058037,0.045283229905894729,-0.018550537304971471,0.050737912377065708,-0.011572358658956672,0.051716925531781088,0.084277562728553468,0.1031083728899973,0.060731794391171379,-0.0052769253085147572,0.019223930878069506,0.029417725388745541,0.0067218317820347817,0.053759062102277433,0.010849646952285186,0.0014222841893034577
2021-08,-0.0086569746830861272,-0.026798639134949287,0.042488886597373376,-0.030819480127225796,0.019927483485522091,-0.036688994016394028,0.065920303109174627,-0.012624859834291402,-0.03864516110933669,0.017471012141129671,0.10840644572876879,-0.0061251487871065713,0.012868487082122071,0.007063629384848058,0.011375389493192722,0.053828020620818817,-0.016266959353233523,-0.0075454971612016752,0.061590905787094252,-0.014913640581261989,0.076150391435871656,0.0011250912924423151,0.072455199664709147,-0.019335631993225855,0.0098249630875728577,-0.013983573536749838,-0.068905590942864192,0.042756596233135546,0.029996587253171558
2021-09,-0.099209082339685395,0.0094601828646263542,-0.068036376959967337,0.0020045669312358516,-0.089628807797369703,0.048362028262010304,-0.077770339639942621,-0.061161424019148369,0.078870314340716563,-0.02181860735432406,-0.085802262046912325,0.011494070064491657,-0.014428222067857988,-0.010046895058020477,-0.067175072616633025,0.023382210012962368,0.01537091471829477,-0.0066438130718073918,-0.066118881645550243,-0.11842909741763885,-0.066420543186989423,-0.018189655382500836,-0.042906870652251516,0.014157495244757179,-0.058035684807020704,-0.01799980191141215,-0.027717284459435998,-0.058879079031435855,-0.066905601084440991
2021-10,0.018584100520883551,0.039885487834292244,0.058657131772823945,-0.058697842678931078,0.068586067925737737,0.12853613548177467,0.035239663255911324,0.074327992949763333,0.096055773028533631,0.017858889748029405,0.093431694059782133,0.1324556927828926,-0.080330571933971417,-0.099546474315280964,0.0085447475365625358,0.044130570897744414,0.018414890387862037,0.17228052801863103,0.1762909180650083,0.1518971162690439,0.016972824321555668,0.029159038940296922,0.058351583818295749,0.033736473206301021,0.17845632129264155,-0.0072339015099217585,-0.049292740890602094,0.07203336053417142,-0.00059120227751030541
2021-11,-0.040609725699364718,-0.1236048153010848,0.10508198837366689,-0.044341364681007023,-0.052252116123883918,-0.0027553898170602498,-0.020189121191017345,-0.062324777390094455,-0.059342200853736649,-0.094212006982599128,-0.078287060360924587,0.077661711676746403,0.011064416773447494,-0.010047246753694172,-0.03639863148849698,-0.06510074277848632,0.0016537054494083492,-0.14923345403795707,-0.0012821102896758418,0.011656420007785107,0.23917741809758364,0.011119813136056811,-0.086586465581961258,-0.084012020111777552,-0.035290052688578544,-0.05133029492709773,-0.083387283561425996,-0.058827332694928569,-0.14295861826111267
2021-12,0.044636208064831706,0.074195845800696159,0.074228501858441209,0.017538544926238853,0.069252261659323411,0.039691528086474692,0.1555433433244604,0.12888449360058396,0.022559990429953602,-0.0046033854664072615,0.0093931523048051968,0.040229919347161136,0.046748014376210456,0.1414174088018938,0.09709485327152767,-0.0030220585927650534,0.095952636262960578,0.032800812944342894,0.01733258099516588,-0.01341545693994739,0.099013674205943314,0.13141521165852743,0.070642345144758201,0.063519480190138644,0.13407267547463464,0.033618366035401692,0.11838800844391151,0.033012628567711033,0.068944154494129606
2022-01,-0.065360521434985497,0.10190300300359678,-0.015711985609098145,-0.0053646025817760679,-0.020324815317853129,0.11913092956326188,-0.11633212582311492,0.030400428217320252,0.2413794569442882,0.00010586652547583952,-0.07285314638959528,-0.11573225270157939,-0.052038932743016408,-0.00067318976407804154,0.0071316283181583895,-0.055947675242185468,-0.032155900365019474,0.063152282784121105,-0.075344819304010935,-0.11159751312669486,-0.10092114371972982,-0.013838564626297067,0.062328522333251257,0.047989909462665459,-0.058888026239912072,0.036784328252664755,0.043652657498205905,-0.033727255878857942,-0.076957818456192095
2022-02,-0.095970896916815929,0.08185941588347756,-0.054066016056906641,0.025469390255788094,-0.069358832712459684,0.1079864354577913,0.0017964946487634137,0.020160593057398257,0.043830350416771413,0.01090196961242218,-0.037752343229400132,-0.13938109604285343,-0.015498508205082695,-0.071754882309677748,-0.038676781041879882,-0.045760234304762504,-0.051333064829802821,-0.060137541785761028,-0.037212206661992764,-0.077801338596205638,-0.10912865750625855,-0.0284199689735809,0.033999365702580775,0.14503797566965382,0.0069831363112942135,0.0082663763980848071,-0.04288084915470225,-0.033259595347433613,0.038399585932036517
2022-03,0.0015475130475992582,-0.038758258805556833,0.057473318065141665,-0.067400392445301605,0.18786644923989826,0.13076410145456996,-0.00017943605345704938,0.0037691995988440308,0.053175032998720839,-0.041124660944154123,-0.02708587678551222,-0.046523439927794952,0.038993694222640762,0.061301027481439174,0.0769276266989527,-0.038646137458775542,0.010254350307868698,0.080959371634924171,0.031862255323141131,-0.012324702871018722,0.10289710653940176,-0.019821600534338013,0.069019180171977057,-0.03534556911067388,0.074829367953010095,-0.050866646418734174,0.026142811174551639,0.10606690791294549,-0.076114822533694282
2022-04,-0.031300645624103285,-0.06306962729203347,-0.097130818373977634,-0.2227676431441743,-0.050580436689531383,-0.037830941339025426,-0.11557701336385895,0.042096718111897191,0.032207353921885451,-0.18524602184930117,-0.074552939955032427,0.0035745883575624138,-0.12046009244974532,0.016843773247966709,0.018225133938492455,-0.11792273157471422,0.0076028431194008483,0.080926202278753356,-0.099867316165082709,-0.073275907683854946,-0.052153676708729835,0.056614553185461602,-0.063864550191505498,-0.041990343111159345,-0.0027845432332950226,-0.080019994240069892,-0.03895930379055379,0.027330020126469678,-0.18613297522076921
2022-05,0.045615750800763744,-0.033713159670810011,-0.054496081339118652,-0.11717282229579373,0.025220914153014862,0.12399845800634557,-0.080236924226202211,-0.019037367136386929,0.13763462905396184,0.050167794611160721,0.076472745760209238,0.0078227735973115387,0.027096131132115842,0.062886390589147245,0.0012393496835738649,0.10782485010689147,0.012241154187547343,0.037659017443742782,-0.018077084182208991,-0.046912725624590701,0.089719492807505352,-0.078916232065048053,0.046650262885136184,0.0081999502716918471,-0.02314407524324591,0.10777532879693985,-0.0026031507854731295,-0.15617003387685835,-0.010660127554696031
2022-06,-0.13316350852630965,-0.1758159433558677,-0.081429803499620035,0.040487120025361589,-0.17183228255468663,-0.1710752526779622,-0.053496026724661694,-0.00024417187981584654,-0.10791656813475781,-0.18577061941464168,-0.091265230891504512,-0.088349671814562436,-0.15781141874032989,0.016925833597913664,-0.011251631624621283,-0.14837781449588994,-0.015708169446069675,-0.0012371255726774111,-0.055320597925936021,-0.13796195107438747,-0.011500787422023651,-0.027657346867317578,-0.05033168962409007,0.01040794777569154,0.037605563147907306,-0.010528282301239256,-0.072017671571349973,-0.054808241469128216,-0.14523718238424066
2022-07,0.1068696271483951,0.11109529553567543,0.18863401352637843,0.16522817536714518,0.11675339228659687,0.13123380358076187,0.07360117971287794,0.02002868969860816,0.13183088596847004,0.16082918476261154,0.12244953097430078,0.097240044011398519,-0.029404094328410846,-0.073659579797888619,-0.016844004033463311,0.033482259515017043,0.06679355124725328,-0.020072300993126069,0.093096619203628217,0.12446174717859493,-0.029144812120204033,-0.027667011390352214,-0.061668580477876267,-0.030173799822282743,0.055896573367782532,-0.078401619318498317,0.077302074537700438,0.086115983047049705,0.12394056414498222
2022-08,-0.12296749572797838,-0.013115093940825329,-0.03120822817281832,0.0059004610872617214,-0.068297731898199432,-0.026156235287255747,-0.01432693356928183,-0.038335698264718165,-0.0042424659196120817,-0.006359099795358758,0.00537388091966573,-0.035349859344264822,-0.11202841302957245,-0.0055174751802758992,-0.069310050085948371,-0.014129670077439149,-0.036864722902047342,-0.04454896242121853,-0.066663117171717357,-0.073703432075195363,-0.10453379862759538,-0.0069827337081643792,0.018525349514680212,-0.031512843062100782,-0.042427278401293123,-0.094825700994399909,-0.061515261870963456,0.0081582584673669523,0.056362008510870476
2022-09,-0.11137920174414895,-0.11243399675864019,-0.12097701610054423,-0.24443056579685063,-0.11168860721325702,-0.091041302687259851,-0.10554536215557708,-0.085586864386151151,-0.086619962825698282,-0.1559526681042559,-0.1190968228785475,-0.043270045661028433,-0.19266926070527657,-0.075048643177624941,0.012520214615298064,-0.08115706970202885,-0.085381241238920325,0.017037129283193009,-0.10926683603353493,-0.21692102974243022,-0.032500492668706582,-0.084747175417641873,-0.046810127820805958,-0.087910885704353681,-0.024465064380558288,-0.091843926004513965,-0.10598360423352193,-0.021501265554597304,-0.15836902057982294
2022-10,0.13837079743547109,0.10456336398973543,0.1095516299300614,0.1769903563900086,0.32806179522430878,0.259135578285141,0.14629929410610854,0.068368350195341598,0.26915601399067435,0.25682425204643011,0.17560136002887128,0.07316803852738718,0.10322072632566259,0.16395913442315213,0.064948498702003254,0.2153705422126353,0.18167640053319389,0.17510448079647323,-0.0033062037372145747,0.11501434847976477,0.063756803374436233,0.074263570896059061,0.20404680050638579,0.1583191217116402,0.099219952154662616,0.00078442489830798934,0.16611303568005553,0.097378409080087991,0.12943908093803813
2022-11,0.013157178773659517,0.061569451083432591,-0.033027541737291166,0.25521024333652575,0.092164935094211975,0.021160713250352625,0.094431161397897201,0.070361544385646235,0.012871599461142802,0.10487092991502411,0.12821805705616773,0.10069934530980662,0.071970741062677979,0.089560558954991265,0.029769098320328258,0.097712142226872301,0.0061114706363170068,0.088142273247813652,0.10222296032225531,0.18353467070467522,0.086136535711150763,0.10759625372017045,0.029003747752763376,0.047235220595270189,-0.013311860878259196,0.043082918877692666,0.049840949544437185,0.070891800366177593,-0.0813778151404001
2022-12,-0.048027391995585256,-0.06244055452953845,-0.12227260661597683,0.064903847794265612,0.013324146560691252,-0.020838976836684342,-0.041834306719880976,0,-0.0093406957456380058,-0.024416147765250362,-0.11076007564727786,-0.025093533255939882,-0.12105090017758657,-0.053794641476970662,-0.0075844329237519936,-0.02952650700274162,-0.033945605532059386,0.014212687633894161,-0.060045437792147549,0.070007927454652785,0.022142312445639911,0.016089987880450574,-0.0073133799525091359,0.022285334190577322,-0.029110587712893765,0.010774817434950457,-0.042580873153585386,-0.066234719178407064,-0.1122919238343365
2023-01,-0.040360279723754333,0.18806319012066464,0.11052098139453759,0.11816890050771578,0.058161574069671262,-0.03047528269490285,0.029783213728195035,-0.036000755024785724,0.051767986701867663,0.23637728007363723,0.065321141308554154,0.026309195289882181,0.069239468457066522,-0.043721789808427114,-0.07489373248325093,0.051407970480731757,0.014685157728194564,-0.031906117939266121,0.03331675525644795,0.088197666113936757,-0.13026134800550204,-0.054675390506784605,0.019360912343158843,-0.010602637233901868,-0.058451797840278874,0.071662743065461276,0.10805748966974948,0.014669738371495322,0.24873402920441334
2023-02,-0.051385658924310129,-0.0053733843051805286,0.023182950244565292,-0.053755854217099497,-0.050497308846513711,-0.067973385107233497,-0.005136699771373987,-0.029517205997217966,-0.045291378798574033,0.052559441977315657,-0.038708562754322329,-0.085233090081008323,-0.10708517275439444,-0.028514996222570921,-0.055425788013026667,0.024221124507807223,-0.0073530553551462985,-0.010893072071866516,0.009017807524132504,-0.067069907500964421,-0.081295345115161899,-0.0338528109346663,-0.031393789203777334,-0.012221191442000956,-0.04657540164509899,-0.066393989157463418,-0.0427402309261532,-0.012094262426438407,-0.081850906529902012
2023-03,-0.024410589675653793,-0.051957223705795363,0.11864894263886883,0.053981589974124056,-0.044708938162550838,0.014866045870495892,0.079719121432533679,0.050341084439148753,-0.0022747506109886961,0.12960247249592238,-0.063124789044909257,0.0024182550910738509,0.31046916607739017,0.013844008103226946,0.011353403314187549,-0.090966128245400846,0.059489935844143638,0.0083739711080710322,0.15588140919128501,0.035353980535307583,0.0056693312049351796,0.08090999095041318,-0.069190494778615275,-0.001631141492007937,-0.0035022331018496056,0.0020612877535315377,0.025097861231562435,0.041682485604941366,0.0052203639300603122
2023-04,0.010560141081619845,-0.018261681830069376,0.028987210899502847,-0.0265969688428489,-0.038683514564987087,0.03321888905606607,-0.089423764650175319,0.034177185459776771,0.079153631205527653,0.035251195622687082,0.049922189761315794,0.018365533100377807,-0.049280668104090264,-0.035700664509995428,0.05612888246838188,0.069180394144226387,0.057723283546759152,0.085346639466371776,0.065764958002841212,0.033268001902267974,-0.046813810991262694,0.058303185380363498,0.056764432737217208,0.020116509163042195,0.041262110349848946,0.014981289214312188,0.03224515450393417,0.023872596003915891,0.023669330524325849
2023-05,-0.10818704316411021,-0.017230802489000663,0.046058317150778461,-0.005222951143390886,-0.059643500716789588,-0.097787905296310429,0.051216832528603762,-0.069992278398613994,-0.12906311079520172,0.025866240838599008,-0.049713866748621216,-0.05007459135940806,0.016379571015639582,0.031116152643494432,-0.045632846427486773,-0.018301422554900304,-0.035976362887796376,-0.043821004484130843,0.071105754099487051,-0.16934968011515539,-0.01179206297724833,-0.0887580868167408,-0.065694897313880007,-0.072008130419232153,-0.0098558793082318408,-0.082410604042694402,-0.048421430552007427,-0.023462246196643721,-0.14185366367454055
2023-06,0.07266112731052754,0.098637783570954651,0.094329913209979743,0.026543542998889835,0.19586897814874704,0.044682198083541236,0.041675063425894443,0.01707393643550037,0.049618249901867806,0.081946208176060242,-0.0041987120171308456,0.095925385229762794,0.063613048206293543,0.040594135010098009,0.067457889214235234,0.071697197314134931,0.052204190096566849,0.052087325319339239,0.036998606394117672,0.051997959496107304,-0.035244531178003524,0.064841982468124337,0.031987637869058894,0.063164582150860626,-0.0094962775673006483,0.043783423796210252,0.074424326684655817,0.070198205625414456,0.015006729625605564
2023-07,0.11399721360306692,-0.027215112861474711,0.012785552250111909,0.13113279958885959,0.083044614263131589,0.040101380861948144,0.013425272021648116,0.028395760317799112,-9.3156916137204782e-05,0.040732625179349391,0.10333589185853476,0.07468438895799423,0.069677342004438314,0.077497787172839283,0.012143471950996521,0.093542416291156227,-0.017459026296367197,-0.075742998558996577,-0.013566776892363297,0.00018107033463365951,-0.0059499149388151373,0.036541371711627413,-0.0060465986463857924,-0.10238861530916865,0.053532656005489843,-0.06721983589810776,0.0010526859297304014,0.017050426177708244,-0.0043683494341100193
2023-08,-0.029010992935915136,-0.06448361716513229,-0.04238368967801398,-0.062047339106183208,0.060187936123805352,-0.006181805415005015,0.10203702733967757,-0.033909108995746506,0.04533262135926952,0.0019259558606932181,-0.071451445662126134,-0.0042856250030429699,-0.014078333486767902,0.030099388806512417,-0.027912091030050545,-0.073626258190154448,-0.035942845507144328,0.021847007161270859,-0.022225532948512594,-0.078630223026371016,-0.018857416347866751,-0.012540032450663152,-0.065928799696813645,-0.014666199786193435,-0.058830457145294335,0.02640818596888761,0.035384671052631544,0.020818640956366208,-0.058611660205889149
2023-09,-0.12233975752306425,-0.055699794052627039,-0.088678515910670663,-0.14440033156177989,-0.028919081260682211,0.04667904654997912,-0.062598184266038914,-0.056925829562302743,0.057469242491646977,-0.033465272708954386,-0.012632979517779086,-0.08519529226557554,0.011667502556232723,-0.04447335580280487,-0.036677392288487543,-0.0089523702800777816,-0.062991297638410493,-0.048891291693607952,-0.036642831707156986,-0.056722887078568762,-0.06246486589116973,-0.054943488907212568,0.019246684573402284,-0.16352859575123446,0.06205205701579164,-0.073470476444503663,-0.063782167916615284,-0.016481151636094982,-0.031429328818120217
2023-10,-0.02851975296830056,-0.017159670194767052,-0.0025698497816666332,-0.025354682477388035,-0.1676994919241297,-0.13574914969493246,-0.023316561996216678,0.0091104182574648362,-0.09976197041891155,-0.017367800757663643,-0.06168702636303891,-0.057817052962704674,0.02672290980565184,0.030933764096773064,-0.047576245302782372,-0.034022139972552656,-0.0048206632447030939,-0.0024282862776677794,0.070815582247166331,0.074775111946794315,-0.078685494569989856,0.035081033998301425,0.025289540234597396,0.13088797061927382,0.062218722510346103,0.10706110963172999,0.022129620410622941,0.021759549004382484,0.0066624964575390244
2023-11,0.1064212087654095,0.16941779066531137,0.11378021625330237,0.2398565239365813,0.10913528745218781,-0.0042866949360069739,-0.071935494296725966,0.042756901899978272,-0.020505511980380309,0.12123707563747099,0.13416750283142553,0.10855677207164738,0.22868456839960816,0.10867162627663718,0.050954026278219322,0.12239307897505491,0.081468934790450476,-0.0021420514587622286,0.1229453976602759,0.072978454614541999,0.010497566771112909,0.023262172807337222,0.078714685144231966,0.0084850921499737275,0.032507825883920205,0.091090255659075803,0.09411503712588587,-0.047243133871349818,0.13604622464970673
2023-12,0.10346233939967187,0.09703071104728811,0.013582413772467605,0.12532918088044709,0.17928362485663407,0.038718809927034359,0.044232924203081447,0.0083846279738468699,-0.026863849921573646,0.048523405173315437,0.12950130203509369,0.10545786316250982,0.12416102913298444,0.031470679131375245,0.013448994035412332,0.089825746268927587,0.052050925826282235,0.071520197638725858,-0.0075744881565128486,-0.012101901898055489,-0.055136061306052531,-0.045466370920539734,0.060435798675341212,0.032646103723094511,-0.04467499499294314,-0.016436183770948798,0.014297804368928579,0.016349902818764139,-0.022718102159850928
2024-01,-0.13693742008079146,0.074989650178989509,-0.042227176094600249,-0.19036296201506397,0.020398611281437162,-0.011598496610625508,0.00099903472083817668,0.0095027847326012438,0.028305663277308435,0.037530382129520756,-0.0045621018133145119,0.01849646739787647,-0.14268654268401937,0.12295924149515303,0.013780709089683318,0.031364730278615305,-0.012782068433468186,0.10787013686088853,0.057281199073282441,-0.064843012779603804,-0.045240974720298088,0.079107551633471163,0.10955957019085516,0.082957035002959589,-0.027978699288469078,0.14228511203504901,0.049587308436795707,0.048208032171677795,0.063794413362009195
2024-02,-0.0074181998946859506,0.093055615239830525,-0.018543163284818087,-0.034685331208786918,0.11205096608418907,0.042316274644385032,-0.036070160295611053,0.0089090253019186161,0.026080776232977554,0.18479088914716102,0.020304192936267285,0.078337653124395334,0.0022326982931941686,0.016644354350162871,0.023318310378744211,0.067102682166761962,0.0041777013228216919,0.052740452489862477,0.042318397420675335,0.023638351022832182,-0.019202519992384093,0.011454663505056306,0.045420140092152339,-0.0094345824389877597,-0.035447740295079133,-0.055017535701959441,0.036255025412379682,0.064024274536266912,0.16168673964848956
2024-03,0.1514330736810221,0.037690371286061897,-0.051286379532419102,-0.052670310540174015,0.097227438432800461,0.037695052728334622,0.031837893427253405,0.027480249813246926,0.11213160595026861,0.1188090648597373,0.073615242163042049,0.01388378739803775,0.026016233083673512,0.032048827597356278,-0.019766788794021051,0.076534332286025686,-0.035342699722745174,0.044333275944273387,0.017116317747296161,-0.092506654369167052,0.044804283390610156,0.020825262679271095,0.046288566518617902,0.087654793331999992,0.0061793716500435636,0.048475679495476598,-0.01259578704249753,0.030113011458408279,0.096612287467061408
2024-04,0.077047977655894329,0.03102930575393259,-0.0067061746154667423,-0.1303176767677966,-0.083618866773112144,0.022378455395748675,-0.051015291082656344,0.0096437017098323086,0.017463890954990013,0.16038923144273864,0.021594848729353577,-0.12872790605353923,-0.31016523950801467,-0.129660594387079,-0.08597254742973448,-0.037151905365387261,-0.031601376646263279,-0.020689519749211294,-0.074610268128605939,-0.018301801007513108,-0.07675677935743086,0.012350258591830476,-0.078126309070167044,0.040910477642854826,-0.022235664196443072,-0.043625073878341802,-0.037516143086524734,-0.013628001893568387,-0.092023565392502671
2024-05,0.044819230033834589,0.025509683568563091,0.13022217066322828,0.058210226916308061,0.011806224270573651,0.016549298436761006,-0.010217125182134246,0.018779296026539827,-0.00048667756000575491,0.020516620688539877,0.076334559142196445,0.008910064438754528,0.016583726214154382,0.013876754613003861,0.022585001099825197,0.05679561134486355,-0.051823899789375072,-0.028478498625984172,0.068191145916573381,0.030240694458079753,0.13552759948561977,0.008210659552025712,0.016685404715634844,0.068346997009921751,0.024126480986075505,0.042036062155936582,0.016210251195219572,0.1118386609675408,-0.064716422083051839
2024-06,0.020471370880636774,-0.035208306988636529,0.095552697012450283,0.024773345427419269,-0.016010923273411914,-0.036229246264916526,0.021720333729142505,0.019289498950961992,-0.018250169175352271,-0.037362174500966461,-0.0091999603436112576,0.027980888708636575,0.003889728738131204,0.036559614058196299,-0.0034771181745483215,-0.0018260397865688116,-0.0092528663355447849,-0.0079606380658714393,0.076650529828513392,-0.20395026014890094,-0.023726595959204788,0.0023095104369588171,-0.052630617064546747,-0.068824797855179587,0.032400813815324003,0.0021871448816717098,-0.036665829703327657,0.029653341800210509,-0.044461548669029405
2024-07,0.2481651431941494,0.096064255140619892,0.054410866726683382,0.047195274193347014,0.043560171946111836,0.025891901717609578,0.02852205135521646,0.048546605964696843,0.030142595031123154,0.072454308348321117,0.1253758309803219,0.069486483974277702,-0.0074265350905735605,0.11095694087186359,0.079981167995140989,0.057941074081721222,0.04143760126278595,-0.08618739848293655,-0.063989208417645438,-0.0067663916306955896,0.10689820063462308,-0.019361768658256673,0.064424099966349457,0.17033562439034933,0.13136717587736446,-0.0013794570019929342,0.012192050066698767,0.013734964240721181,-0.052047237911791
2024-08,0.061670730790114092,0.022170368556347686,0.032353553411160529,-0.088457502992916104,0.028596365607670871,-0.067702130184735254,0.043137226083787228,0.08585570286282862,0.0025257824591118361,0.025969571951561576,0.0083267191737548263,0.0070031268301551375,-0.27847058573763883,0.061194264724798719,0.058719438764226917,0.056390860872930215,0.087641493749336385,0.04702549803661471,-0.00109516512028629,0.11301065688161782,-0.050098259368685394,0.067056574113236289,0.053733138398681879,0.055409187269791049,0.02436835030388651,0.031095898115336418,0.042361299752366355,0.12835294008150822,-0.035329258983957001
2024-09,0.014923021343146159,0.048521360569474536,0.017467159713299152,-0.12489934108978173,0.098343115160637762,-0.0045960632578955218,0.053027209411650622,-0.0016193264658203033,-0.0061049130497335957,0.08154460464422475,-0.029671669320767924,0.099592695723130786,0.064428226404696476,0.093751483308734951,-0.02291099349532999,-0.062010620825523333,0.061047396131561404,-0.034868873756585206,0.031548181053077551,0.065702402247511671,-0.0024129348850930876,0.0096770710796625359,0.031017087586319825,-0.017674596228083317,-0.0058399698688949009,0.074916164451437339,-0.0051379877972369536,0.045578002670289886,0.064284251323758479
2024-10,-0.060204776487041811,-0.0015277808595005604,-0.030429145415120651,-0.017955773796972774,-0.034691194807145331,0.010524941149716804,0.036989341264306308,-0.091149670330504251,-0.0037535920948549295,-0.089086926592175431,0.045807957614934613,-0.028257369703864055,-0.082693891833653166,-0.064953841565425718,-0.013575183214185493,0.058901356272548444,-0.040721203975887521,-0.098978698295558498,-0.055658767696031286,-0.12748876149025423,-0.022114781661478289,-0.040697666850215253,0.050486795006895457,-0.001403231153700224,-0.03451455736098763,-0.047257123682792335,0.054191833093034214,0.01486067664677293,0.00010381077252263893
2024-11,0.044914429978263115,0.12811026617545673,0.051706813666986928,0.041055555442005121,0.079505564708512111,0.099192531360709379,0.081066272143025975,-0.011391399831128468,0.01840458021009761,0.060426157324476204,0.17532214831363113,0.095593004666743031,0.11756499653716967,0.10875706302680688,-0.022558701571870676,0.12527038674775937,0.013351238797570497,-0.0066457406994763213,0.044192386938016304,0.021262860150268903,-0.059466126577276124,0.08524044444500456,0.081727325001376805,0.012305627568010458,0.080956340541373129,0.052456398989094044,0.089111699160177693,0.12873705588837869,0.22110194693572094
2024-12,-0.033250946817187654,-0.025895887137016182,0.055155366691970631,0.1387030186564806,-0.1067443755938301,-0.10553959369069621,-0.00016876881173810698,-0.028402055597011588,-0.08808075184354669,-0.082884733821352641,-0.054411544338965445,-0.093538194499004357,-0.16632017159635015,-0.03333191460730156,-0.067027936381619524,-0.040084923422040064,-0.014783750330330192,-0.013416728388757848,-0.0046284596643753062,-0.034452063459466942,0.012209239154519214,-0.064766207003174814,-0.090744894696209388,-0.050151821532754881,-0.16781342577909308,-0.09810528601116475,0.0030467487722676267,-0.02107915327624843,-0.047898261753628435
2025-01,0.1790221355242485,0.072126252454195239,-0.057583354124106978,-0.0027118402685822884,0.027681339226185209,0.030033116312293551,0.030624068496428514,0.019595320712764819,-0.0068790491301078394,0.2205168882850328,0.1183681554705196,0.05910185139695634,-0.030922641170916143,0.16317158766253637,0.052067600263138836,0.12085647574502523,-0.0041051648914488537,-0.0066345561791157914,-0.015278837069997553,0.0162548029116798,0.016148813313595189,-0.0038642062366682772,0.017808924963340633,0.11432754461293815,0.072411440994187393,0.002450269131256233,0.081508705647647783,0.086441579673861568,0.015356996987949456
2025-02,0.02421290851682345,-0.051945202534150692,0.025872573756291262,-0.010706998322587813,-0.074009153975431397,0.075000869057462172,0.057920852929488786,0.1217705768977464,0.051444349160208569,0.016750951971116423,-0.023460643503269818,-0.037331962921304696,0.22130721407735177,-0.0061720764495222236,0.093269322863806625,-0.0099140091049183532,0.067994468149451759,-0.066484521153567289,-0.04161806168734028,0.032900027640513141,-0.0033936516198873612,0.047291815205571242,0.054286577429292437,0.036549770840478946,-0.12448162267444374,0.094186177181136976,0.062961731045287239,0.0045843931791140768,0.006545275695435615
2025-03,-0.053249135537084546,-0.10602760004164646,-0.081500155722915579,-0.023363693048011003,-0.041139832508540142,0.054658834973770665,-0.037435804512099491,0.013179595418578494,0.068265477511416206,-0.031199231150210172,-0.12212965403065046,-0.070056046480989287,-0.04298358522713841,-0.014973838113704452,0.0049690238117949814,-0.073115378117254215,0.018952197592194464,-0.018586026709909054,-0.054409400923078333,-0.19676078615376469,-0.04124100903155814,-0.019673181918918647,0.027281205087087868,-0.0039852429754553276,0.10743699116511762,0.05243641932226617,-0.033773656775785366,-0.10728035547511749,-0.13268892236188579
2025-04,-0.054133060423935397,-0.0065247820988687533,-0.043353017447534392,0.074406345437326937,-0.057734721235767839,-0.18668187754579268,-0.058249345107500128,0.012985316610314213,-0.11183052892842271,0.0069447774720072797,0.0023063567367671567,-0.01637144941916191,-0.11492729230391929,-0.027507435407726821,-0.057465043609520761,0.0033702345300985481,0.023305687693730981,-0.050802173433768916,0.052931657242873076,-0.11153111089797063,-0.03670088809602623,-0.040116449973424562,-0.0012475595399030759,-0.047788199355334515,-0.21443429428751459,-0.013058285488264598,-0.01415277054824382,0.10775709227274044,-0.078520844693386493
2025-05,0.073188121969774977,0.1037497984756226,-0.053584115788252284,0.13141236143410295,0.12532754277217451,0.01694148297312803,0.091979876971959751,-0.0062026143050563087,-0.022605096122436552,0.2201549941495009,0.10207843229577285,0.021637115181683875,-0.02736324049606631,0.07842156554177504,0.0014753618226499565,0.079224932975340501,-0.018144690042160239,-0.098122011095486572,0.16683975699601938,0.074290724437108269,-0.01933130216400325,0.045026744886806691,0.04380415884588218,0.08757451915434844,-0.26621127460002714,-0.0022697473849829786,0.058745304403986065,0.017570032244461853,0.24288070383368998
2025-06,0.026221658372925338,0.084781472068620634,0.021508605533881342,0.010659807915316177,0.11544975364200116,0.047476356551543697,0.10057088141294002,-0.011747213166960813,0.053763290948840359,0.046683840794533582,0.17869931559379126,0.0017066601825133088,0.14578007635248591,0.13788324748141956,-0.015849533881914013,0.09814392497808555,-0.063797784965712534,0.040507327956482708,0.080480648026362234,0.18026238500305158,0.031928449611347887,-0.062216700586806173,-0.025594621137925433,0.069900477384901682,0.040656437063245177,-0.015696121874705926,-0.027766261862435915,-0.0095219354865924144,0.10172359257588592
2025-07,-0.019836930577613821,-0.05929617970635559,0.011697625680163082,0.058750525606408255,0.13244008631865833,0.059012584132298818,-0.012836327034730477,-0.040423941233637684,0.035621504589788522,0.054725510684918266,0.022380923291434929,0.0023729269921457519,-0.11607144757801202,-0.14122408295848654,0.078494336103638984,0.026757209851034025,0.027038815049781562,-0.013138042574485032,0.072555746459482595,0.051379654036592948,-0.022612353595447776,-0.049089773678525739,-0.027285684900533846,0.079098584732270272,-0.20005122756671689,0.0041920840032305673,-0.026982220849739336,0.0020454116884927043,-0.039512904380250569
2025-08,0.047102330634092082,0.10681221637319815,0.11963891239084878,0.057879537278452187,-0.043331275218381538,0.070877084407843016,0.014835469465392492,0.016202520001659559,0.033263224954210857,0.015198571060762056,0.03544739014775633,0.10682691469587668,0.22979804645106938,-0.031656000666937634,0.08334599847751134,0.017485930667302751,0.044889778802255309,0.07680495287793887,-0.048691698328366284,0.035881597579708879,0.063117258781418384,0.043663025871598204,0.043306055699305679,0.010969753101835344,0.24166533858350969,0.034377938694175381,0.020056789795070307,-0.0078942766199358028,-0.0061288639157369706
2025-09,-0.0022503841650172163,0.0026563945172746184,0.096881188135142127,-0.080322104282526063,0.13867410646970102,-0.033063676153831545,-0.0096976394197691995,-0.031328871155818283,-0.01347439395313188,0.094431732217887143,0.0685675704226969,0.0017670311936286431,0.37782335570688486,0.1588156675055814,0.046565530462216342,0.046479888356063759,-0.025275143214231743,0.0075969935202526706,0.022222678333202905,-0.094062625139647027,0.029079130636643358,-0.021586811700328057,0.032548996737160163,0.055044088111783074,0.12136840211728073,-0.0063305432333433664,-0.029563899622846779,0.06269324811370014,-0.032775778954340806
2025-10,0.072947631211389918,0.0887645487815103,0.061815233536117953,-0.068618808474025683,0.21328401663293173,0.015648340326303245,0.074999618712367822,0.038902480829103192,0.01427937220392872,0.027026051196690437,-0.0087650347053328526,-0.063180196141074396,0.19195238711935314,0.08948817672612952,0.018606392040709352,-0.0088685785998915412,-0.01796703929454857,0.024425165732694598,-0.00027041020848439512,-0.073712991010992601,-0.032574612051936014,-0.014503548423008827,-0.037962992759452918,0.066754268167015907,-0.010831189004583797,-0.080247405825445761,-0.0018748219770657881,-0.018241728413789238,-0.016419203772243374
2025-11,0.037773489917695358,0.012585568690049342,0.032364104273334249,-0.059795065252158275,-0.0025984050435396977,-0.031081065181996936,0.052386848189818869,0.061248233797721374,0.022507005122055723,-0.033986135185418043,0.04645473322067839,-0.059722387797616183,0.014253555161292786,0.0093405208304155884,0.10252442195527811,0.0062998151320712292,0.044868230607110204,0.21923701655431782,-0.048046744181458712,0.00061940930936876804,0.062606263234645132,-0.014697080251840244,0.090238841603172082,-0.016239150223721022,-0.034518057601826357,0.034474140639145556,-0.016544969156653044,0.092211860889007458,-0.07236729838488809
2025-12,-0.069456579935393337,0.012812463623926851,-0.02506718205833014,0.14878304294808209,-0.0050194348181668014,0.0084693993831492786,0.0011696461825327908,-0.037185066685747725,0.038129683515248258,0.033279553388640304,0.06938852697455733,-0.029682932353462532,-0.09023667957324677,-0.04008686456071231,0.00014498676237151287,0.029193898748310465,-0.013969581491785177,0.012683964554996319,-0.0170525388427748,-0.0079415539092096976,-0.032634084039271261,-0.032734892003355887,-0.0056425244459491486,0.048539179080292705,0.0077614341827645372,-0.0092436762680380147,0.048648388637791529,0.010199159973349747,0.096388976949531191
2026-01,-0.043347797612466099,-0.0459458254723768,-0.045538075439272241,0.076455446190278442,0.15017021310350409,0.16068498507769879,0.02218736609902705,0.070090003768957576,0.17500413567711215,-0.0040254644954230701,0.06417522511998941,0.088607934450864567,0.25934957450103457,0.035414077073034456,0.09809131433435514,-0.046397476282515449,0.030657960122141947,0.047596382254868841,-0.11027248002775836,-0.029822592165529072,0.079634539101466117,0.066552068535095765,-0.019133934455637269,0.095583466214534285,-0.1308048795709682,0.11201617828614552,-0.082347234657636381,0.069383264845338743,-0.0085259030424834625
2026-02,0.084237446395270865,-0.12286690788298638,0.01906584775625153,-0.026484692833631307,0.13002012336465052,0.066065362601849698,0.014555681727582703,0.090228648803614586,0.085689348550967992,0.11561647836872968,-0.081076743774037285,0.016364595871060983,-0.018506576022391363,-0.2123261781083865,0.099012901555825206,-0.018274626056834276,0.082730082039015107,0.12288025054813723,-0.08518351769513588,0.0059861007829118407,0.045763928930846909,0.10166688897023568,0.084812582623200017,0.011760259857380495,0.022095946175181513,0.126235294117647,-0.0031999154422535092,0.073946599439341121,-0.059929139522623798
2026-03,-0.12152197105227336,-0.020783414530114563,-0.039329296870931563,-0.12525820838088642,-0.046268969628470602,0.10783894121887783,-0.023533847365207139,-0.06114614299581389,0.11252462106599048,-0.16968583012496752,-0.010619007931979341,-0.13036131672009132,-0.032449013866060583,0.0090753586553202759,-0.016060835714468369,-0.020446181140362008,-0.083662135689908323,-0.021313550137483706,-0.057467987562495271,-0.14489237978041836,0.015551481153918578,-0.1361243367152879,-0.051509697340580862,-0.047971564874969674,-0.070161723434155499,0.0011966613493934464,-0.055913099076267181,-0.026689605593673726,-0.091097668885032679
2026-04,0.0088824745933542282,0.071380843431989804,0.069191115473439924,0.15073104649549252,0.25879303186701441,-0.065683960298754784,0.18566585894906873,0.035634498987387131,-0.090357115809809097,0.021707668950957881,0.091939675913357943,-0.00027376531560141526,1.140947225700323,-0.04707287108970204,-0.059687453134405599,0.070278166383644258,-0.055342846435653126,-0.092360144598733651,0.10160193378338178,-0.1601665086722408,-0.049145236246369906,0.026014896323122372,0.046146516785324332,-0.087247216039184616,0.36915627071354096,-0.028836557565092513,0.091318242381335901,0.061554387022750623,0.076468146454980346
2026-05,0.050518368007378189,-0.020368285704650768,0.15108715221843583,0.0092564080185426612,-0.015998012717017285,-0.047482276256571865,0.3160655117551403,0.0031741222026810956,-0.052381670863492102,0.11668341919642522,0.11018974942443238,-0.035462175422255271,0.21380182293102945,0.29877814030675842,-0.014027084349572339,-0.044440192642512311,-0.049013976439986506,0.087378713208212666,0.10651617603697683,0.042155018717452197,-0.0032904295815633366,-0.02399892227042677,-0.043422669113305612,0.024639981168272485,0.026533138541375845,-0.0045803880970977096,-0.0084993856028100501,-0.12096629560125094,-0.018505980557842583
2026-06,0.057336885050003117,0.068821614847734081,-0.072742454538718748,-0.063508514226287893,0.21581978711898242,-0.091526959329759072,-0.02458062594372834,0.035244926753956296,-0.058791158949492495,0.15434278113726019,-0.0094901256728181504,0.1204051440627032,0.21756195074330376,-0.055708509829951236,0.12710251067166634,0.093615245286033488,-0.025274795911808146,0.090162271713370989,-0.17150856157139238,-0.10410304847359242,-0.080213899779160158,0.021454420265916818,0.13570203377910151,0.056050277395878867,0.099113524026395172,-0.11441120055427911,0.051262401944702107,-0.021511891036546937,-0.047554695460799046
2026-07,0.088752945425921714,-0.0031915630842597187,0.067562963011440935,-0.0015244691143981859,-0.23342895579309253,0.18743967785350568,-0.0088207737253392926,0.077765472571400762,0.13692228319054656,-0.035349485873896414,0.0069311872923947249,-0.058750128682016345,-0.35400706299520301,-0.20468686503025779,0.0093711737719677224,0.079567452087246915,0.0012209204225490655,0.013229548235347721,0.24583136341252132,0.016077958267687542,0.056790836469399864,-0.0073061194109649286,0.13401189720748907,0.13434884405489034,-0.0029594382098424576,0.12442074416712323,0.067154413757986253,-0.018188275839716495,-0.00062335125811685543
2026-08,-0.020976787926414553,-0.018081744452834614,0.026587852979950588,-0.03867863715165698,-0.021281067865421943,0.056439671754022092,-0.047417881725110078,0.012330196097833257,0.04215235888311275,-0.067653549910617783,0.007384265029629633,-0.012441273184306323,-0.0076496101480761913,0.053197708856316472,0.042173437343635101,0.01202416318259325,-0.02623413222872073,0.13486941605362945,0.0936585239403942,-0.063533856998471694,0.13794477505069036,0.0043600913563066612,-0.022518431146080653,-0.031595271518096713,-0.060303990321248779,0.068575069222369889,0.038086943901350034,-0.054666667950446501,0.11809959790022306
