Date,AAPL,AMZN,BAC,CSCO,CVX,DIS,GOOGL,HD,INTC,JNJ,JPM,KO,META,MRK,MSFT,NVDA,PEP,PG,VZ,WMT,XLB,XLE,XLF,XLI,XLK,XLP,XLU,XLV,XLY,XOM
2016-09-01,25.8529109954834,41.865501403808594,12.518787384033203,23.57136344909668,67.50382995605469,85.55864715576172,39.82404708862305,100.83085632324219,30.5870361328125,90.00543975830078,51.20237731933594,31.224895477294922,127.15340423583984,44.14118957519531,51.14691162109375,1.6828714609146118,79.7952651977539,68.35047912597656,30.350250244140625,20.34224510192871,19.653759002685547,23.662124633789062,16.11545753479004,49.420738220214844,21.5943660736084,40.93524932861328,18.00298500061035,61.23188400268555,36.20545959472656,56.6630859375
2016-10-01,25.964967727661133,39.49100112915039,13.198724746704102,22.9869441986084,68.7040786743164,85.40202331542969,40.1132926940918,95.60438537597656,28.253509521484375,88.37493896484375,53.64253234863281,31.28392791748047,129.8497314453125,41.531333923339844,53.20699691772461,1.7477107048034668,78.64349365234375,66.61422729492188,28.405078887939453,19.749919891357422,19.242155075073242,22.995254516601562,16.482852935791016,48.43028259277344,21.431657791137695,40.61983871459961,18.164674758911133,57.19843673706055,35.327911376953125,54.09223556518555
2016-11-01,25.40410614013672,37.528499603271484,16.95704460144043,22.342586517333984,73.90318298339844,91.32646179199219,38.42832565307617,101.93340301513672,28.32863998413086,85.38752746582031,62.092411041259766,30.02307891845703,117.3891372680664,43.27830505371094,53.870384216308594,2.267849922180176,73.97808074951172,63.283531188964844,29.468061447143555,19.86556625366211,20.55515480041504,24.942245483398438,18.795799255371094,52.832271575927734,21.467809677124023,38.91197204589844,17.179819107055664,58.37876510620117,37.024192810058594,57.17795944213867
2016-12-01,26.622358322143555,37.493499755859375,17.74387550354004,22.64228630065918,77.97066497802734,96.76548767089844,39.249019622802734,105.62003326416016,29.610366821289062,88.38721466064453,66.83241271972656,30.84898567199707,114.04847717285156,41.956939697265625,55.55105209350586,2.6254913806915283,77.3259506225586,64.52677917480469,31.523136138916016,19.635597229003906,20.591466903686523,25.37393569946289,19.50186538696289,52.99397277832031,21.952951431274414,40.0779914855957,18.02142906188965,58.79690933227539,37.03864288330078,59.11661148071289
2017-01-01,27.893474578857422,41.17399978637695,18.177438735961914,23.21454620361328,73.76408386230469,102.7355728149414,40.62294006347656,108.37711334228516,30.059383392333984,86.883544921875,65.90939331054688,30.930835723876953,129.185546875,44.18058395385742,57.794883728027344,2.6855075359344482,76.6977767944336,67.760986328125,29.251907348632812,18.959491729736328,21.52781867980957,24.55867576599121,19.552181243896484,53.98196792602539,22.733747482299805,40.76002883911133,18.24776268005371,60.14442825317383,38.599365234375,54.94452667236328
2017-02-01,31.625001907348633,42.25199890136719,19.815330505371094,25.829206466674805,75.2392578125,102.21561431884766,41.84828186035156,114.15126037597656,29.76419448852539,94.37791442871094,70.57438659667969,31.221017837524414,134.36009216308594,46.94588088989258,57.54269790649414,2.499260902404785,81.57544708251953,70.44512176513672,29.621946334838867,20.149782180786133,21.647964477539062,24.046613693237305,20.58389663696289,56.094242095947266,23.764205932617188,42.705413818359375,19.208755493164062,63.956748962402344,39.30009841918945,53.748321533203125
2017-03-01,33.16482162475586,44.32699966430664,18.99791717529297,25.54204559326172,71.80836486816406,105.27958679199219,41.99042510986328,116.36766052246094,29.657312393188477,96.18500518798828,68.40933227539062,31.856889724731445,140.8134765625,45.612060546875,59.233543395996094,2.6827406883239746,83.237060546875,69.50141906738281,29.096723556518555,20.627029418945312,21.782588958740234,23.689287185668945,19.975412368774414,55.6648063659668,24.293210983276367,42.5249137878418,19.182767868041992,63.6494026184082,40.138736724853516,54.204368591308594
2017-04-01,33.16250991821289,46.2495002746582,18.796581268310547,25.97036361694336,71.36028289794922,107.33151245117188,45.790279388427734,123.71442413330078,29.723087310791016,95.35093688964844,68.14447021484375,32.38984680175781,148.94204711914062,44.74346160888672,61.571956634521484,2.568711996078491,84.29370880126953,68.06940460205078,27.72860336303711,21.514163970947266,22.056894302368164,22.991140365600586,19.80706024169922,56.759952545166016,24.780797958374023,42.99238967895508,19.32856559753418,64.62519073486328,41.10171127319336,53.96642303466797
2017-05-01,35.41117477416992,49.73099899291992,18.106891632080078,24.034204483032227,69.9107666015625,100.21941375732422,48.8892822265625,122.3647689819336,29.911069869995117,99.69914245605469,64.34561157226562,34.131317138671875,150.14151000976562,46.73908615112305,63.17313766479492,3.558812141418457,87.56239318847656,68.66177368164062,28.169506072998047,22.64337730407715,22.061054229736328,22.177783966064453,19.571369171142578,57.76954650878906,25.76055145263672,44.12992477416992,20.128629684448242,65.12162780761719,41.55352020263672,53.70878601074219
2017-06-01,33.385162353515625,48.400001525878906,19.60165786743164,23.858890533447266,70.48500061035156,98.65028381347656,46.04583740234375,122.27710723876953,27.94792938232422,102.83975982666016,71.59086608886719,33.94297790527344,149.66567993164062,46.34516525268555,62.349998474121094,3.5639896392822266,86.5284652709961,67.92909240722656,26.973630905151367,21.80217742919922,22.46923828125,22.153013229370117,20.84610366821289,58.55016326904297,25.03621482849121,43.135459899902344,19.583370208740234,68.09584045410156,41.03020477294922,53.86220169067383
2017-07-01,34.47698211669922,49.388999938964844,19.488542556762695,24.197208404541016,73.7684097290039,102.82637023925781,46.829383850097656,119.24810028076172,29.380937576293945,103.17403411865234,72.29966735839844,34.692230224609375,167.77664184570312,46.19331359863281,65.76011657714844,4.006528854370117,87.36759948730469,71.34503936767578,29.615888595581055,23.04380989074707,22.815814971923828,22.733116149902344,21.20100212097168,58.72208786010742,26.1525821685791,43.433799743652344,20.058263778686523,68.6544189453125,41.82215881347656,53.40187072753906
2017-08-01,38.16600036621094,49.029998779296875,19.401439666748047,24.78193473815918,73.43824005126953,94.66048431396484,47.31180191040039,120.16973876953125,29.267677307128906,103.5565185546875,71.58296966552734,34.47274398803711,170.4729766845703,46.17884063720703,67.99284362792969,4.181060791015625,87.31501770019531,72.48410034179688,29.352767944335938,22.632158279418945,22.9953670501709,21.487606048583984,20.8714542388916,58.85104751586914,26.916671752929688,42.95487976074219,20.717824935913086,69.8575210571289,41.043949127197266,51.42021942138672
2017-09-01,35.86673355102539,48.067501068115234,20.57900619506836,25.874467849731445,80.18018341064453,92.200439453125,48.22709274291992,131.1468048095703,31.77967643737793,101.71024322509766,75.22158813476562,34.33510208129883,169.38255310058594,46.636680603027344,67.73822784423828,4.411284446716309,84.07081604003906,71.4707260131836,30.282855987548828,22.65245819091797,23.84551239013672,23.675546646118164,21.942787170410156,61.31364059448242,27.13680648803711,42.64775848388672,20.14668846130371,70.49420166015625,41.38209915161133,55.22637939453125
2017-10-01,39.338905334472656,55.263999938964844,22.243844985961914,26.501596450805664,79.0815658569336,91.48955535888672,51.16513442993164,132.92684936523438,37.963687896728516,109.06414031982422,79.701416015625,35.07505416870117,178.49252319335938,40.12517166137695,75.64057159423828,5.103193283081055,83.16544342041016,68.33396911621094,29.64298439025879,25.310794830322266,24.769102096557617,23.47847557067871,22.570695877075195,61.77134323120117,28.904600143432617,41.944583892822266,20.93280601501465,69.95943450927734,42.2595329284668,56.149269104003906
2017-11-01,40.13661193847656,58.837501525878906,22.97478485107422,28.946102142333984,81.95704650878906,98.04656982421875,51.320152282714844,144.91493225097656,37.64299774169922,109.6690444946289,82.79884338378906,35.20111846923828,175.63758850097656,40.25627517700195,76.92522430419922,4.956110954284668,88.52096557617188,71.2227783203125,31.513097763061523,28.186573028564453,25.004199981689453,23.889894485473633,23.351333618164062,64.34477233886719,29.313261032104492,44.28318405151367,21.494871139526367,71.9949722290039,44.40031051635742,56.628143310546875
2017-12-01,39.52470397949219,58.4734992980957,24.075807571411133,29.722143173217773,86.22746276855469,101.3717041015625,52.173526763916016,152.74012756347656,38.751136779785156,109.97602844238281,84.7159194946289,35.28571701049805,174.92391967773438,41.33324432373047,78.17729949951172,4.778075218200684,91.10396575927734,72.7186050415039,32.776329040527344,28.778078079223633,25.53603172302246,25.148754119873047,23.79224395751953,65.7015151977539,29.473249435424805,45.2808952331543,20.192665100097656,71.5986557006836,45.49177169799805,56.86611557006836
2018-01-01,39.10429382324219,72.54450225830078,26.098440170288086,32.47693634033203,86.33763885498047,102.46548461914062,58.55381393432617,161.90304565429688,40.413330078125,108.7717056274414,92.10901641845703,36.600852966308594,185.26309204101562,43.522220611572266,86.83219146728516,6.069515228271484,91.39266967773438,68.85491180419922,33.86362838745117,31.065750122070312,26.556962966918945,26.050146102905273,25.35224723815918,69.22667694091797,31.54720687866211,46.021114349365234,19.564035415649414,76.2922592163086,49.695701599121094,59.35451889038086
2018-02-01,41.770633697509766,75.62249755859375,26.17999839782715,35.01004409790039,77.85479736328125,97.27008056640625,54.67572021484375,146.8893585205078,41.659481048583984,102.8853988647461,91.97364807128906,33.23994827270508,176.76771545410156,39.827415466308594,86.10150146484375,5.979395389556885,83.36258697509766,62.61856460571289,29.89920425415039,26.23103904724121,25.156341552734375,23.22761344909668,24.610607147216797,66.55243682861328,31.418167114257812,42.51102828979492,18.805091857910156,72.86297607421875,47.97172927856445,52.02151870727539
2018-03-01,39.34581756591797,72.36699676513672,24.5509090423584,33.532405853271484,79.32955169677734,94.70536804199219,51.368194580078125,144.46075439453125,44.017555236816406,101.51496887207031,87.57003784179688,33.6963005065918,158.39898681640625,40.36093521118164,83.80595397949219,5.722182273864746,83.53474426269531,63.22465896606445,29.94930076599121,26.082538604736328,24.11326789855957,23.627838134765625,23.58795166015625,64.7632827758789,30.24506950378418,42.125492095947266,19.519025802612305,70.73788452148438,46.82773208618164,51.245399475097656
2018-04-01,38.754852294921875,78.30650329589844,24.49360466003418,34.90532302856445,87.03015899658203,94.60167694091797,50.448951721191406,149.77757263183594,43.62877655029297,100.19998931884766,87.06172180175781,33.52560806274414,170.50271606445312,43.621238708496094,85.87196350097656,5.556881904602051,77.25148010253906,58.223960876464844,31.29642105102539,25.933034896850586,24.14292335510254,25.871097564697266,23.485294342041016,62.958736419677734,30.263559341430664,40.38060760498047,19.916906356811523,71.4852294921875,47.941890716552734,53.40208053588867
2018-05-01,43.99155807495117,81.48100280761719,23.870336532592773,33.66010665893555,87.22068786621094,93.79075622558594,54.48157501220703,152.0424346923828,46.923828125,95.46063232421875,85.64509582519531,33.362667083740234,190.11053466796875,44.11027908325195,91.15026092529297,6.2350263595581055,77.42902374267578,58.892005920410156,30.23101043701172,24.349956512451172,24.638397216796875,26.645713806152344,23.254283905029297,64.8940658569336,32.316261291503906,39.74828338623047,19.69672203063965,71.61558532714844,48.8942756652832,56.364742279052734
2018-06-01,43.57722854614258,84.98999786376953,23.171649932861328,33.912296295166016,88.71532440185547,98.82585906982422,55.927310943603516,159.0108642578125,42.256935119628906,96.833251953125,83.39613342285156,34.333003997802734,192.6284637451172,45.32481384277344,90.93814849853516,5.857002258300781,84.08677673339844,62.827789306640625,31.905237197875977,25.267425537109375,24.70628547668457,26.797468185424805,22.848051071166992,62.6948127746582,32.231239318847656,41.56439971923828,20.25094985961914,72.79673767089844,50.66359329223633,57.39854049682617
2018-07-01,44.79666519165039,88.87200164794922,25.382781982421875,33.58887481689453,88.60302734375,107.93701171875,60.78261184692383,160.9832305908203,40.88833236694336,105.75528717041016,92.49979400634766,36.5013313293457,171.07765197753906,49.18527603149414,97.82699584960938,6.053802967071533,88.82135009765625,65.68830871582031,33.12834930419922,26.32355499267578,25.41254997253418,27.213876724243164,24.01665687561035,67.32489776611328,32.90397644042969,43.209877014160156,20.574443817138672,77.56787109375,51.57674026489258,56.55207824707031
2018-08-01,53.77491760253906,100.635498046875,25.423887252807617,37.94137191772461,83.91973876953125,106.47325897216797,61.009456634521484,164.4708251953125,41.419227600097656,108.20331573486328,92.20204162597656,34.88878631591797,174.20025634765625,51.2162971496582,103.9893798828125,6.943194389343262,86.51200866699219,67.36949920654297,34.879722595214844,28.44371223449707,25.216840744018555,26.268157958984375,24.343189239501953,67.48246765136719,35.075286865234375,43.37925338745117,20.839460372924805,80.92598724365234,54.20958709716797,56.196102142333984
2018-09-01,53.32841873168945,100.1500015258789,24.33262825012207,38.64030838012695,86.62590026855469,111.14965057373047,59.78511047363281,169.6973114013672,40.44425582885742,110.99897766113281,90.80189514160156,36.46444320678711,163.02835083007812,53.33246994018555,105.87792205810547,6.951604843139648,87.06401824951172,67.59690856933594,34.25102233886719,27.865100860595703,24.764087677001953,26.910675048828125,23.803865432739258,68.9518051147461,35.06853485107422,43.8075065612793,20.7043514251709,83.31671905517578,54.49712371826172,59.59576416015625
2018-10-01,51.703102111816406,79.90049743652344,22.713754653930664,36.5826530456543,79.09537506103516,109.14412689208984,54.01500701904297,144.0808868408203,40.09360885620117,112.46106719970703,88.34230041503906,37.79861068725586,150.46865844726562,55.33976364135742,98.8792495727539,5.215311527252197,87.51570892333984,72.6596450805664,37.030517578125,29.755210876464844,22.489879608154297,23.8621768951416,22.681861877441406,61.458580017089844,32.26138687133789,44.684791564941406,21.113325119018555,77.66886138916016,48.99254608154297,55.852622985839844
2018-11-01,42.33463668823242,84.50849914550781,23.457117080688477,38.277835845947266,85.08325958251953,109.77143096923828,54.95952224731445,148.60177612304688,42.437232971191406,118.76371765136719,90.10071563720703,40.102638244628906,139.38597106933594,59.64756393432617,103.09979248046875,4.046819686889648,94.96053314208984,77.43644714355469,39.11262512207031,28.974842071533203,23.344850540161133,23.489112854003906,23.27738380432129,63.79801559448242,31.62826156616211,45.7001838684082,21.860492706298828,83.94717407226562,50.20597457885742,56.291351318359375
2018-12-01,37.394248962402344,75.09850311279297,20.465261459350586,34.64757537841797,77.8224868774414,105.02902221679688,51.75551223754883,141.59693908691406,40.38895034790039,104.33263397216797,79.10453033447266,37.67578887939453,129.94883728027344,57.84747314453125,94.4345474243164,3.3057005405426025,86.71925354003906,75.3143081665039,36.466209411621094,27.790424346923828,21.736927032470703,20.567249298095703,20.686853408813477,56.997772216796875,28.978914260864258,41.626216888427734,20.987276077270508,76.09503173828125,46.211463928222656,48.28312683105469
2019-01-01,39.456687927246094,85.9365005493164,23.646350860595703,38.10685348510742,82.01441192626953,106.8202133178711,55.76386642456055,151.24713134765625,40.552467346191406,107.59073638916016,84.55036163330078,38.29642868041992,165.2389373779297,56.348487854003906,97.09362030029297,3.5595083236694336,88.43821716308594,79.66748809814453,36.08651351928711,28.589984893798828,22.95456886291504,22.87322235107422,22.52800750732422,63.51077651977539,30.989402770996094,43.765716552734375,21.71700096130371,79.75421142578125,50.77147674560547,51.887184143066406
2019-02-01,41.22343063354492,81.99150085449219,24.276315689086914,41.716888427734375,86.40097045898438,108.0845947265625,55.79655075073242,152.57394409179688,45.867408752441406,111.2015151977539,85.25291442871094,36.07645797729492,160.04454040527344,61.5419807434082,104.60453033447266,3.8236916065216064,91.50553894042969,81.38524627685547,37.305564880371094,29.532733917236328,23.68601417541504,23.400405883789062,23.03171730041504,67.55489349365234,33.13079833984375,44.54446792602539,22.60931396484375,80.61627197265625,51.43891143798828,56.5798454284668
2019-03-01,45.2231559753418,89.0374984741211,23.032440185546875,43.50578689575195,89.0020980834961,106.35086059570312,58.28982925415039,159.3141632080078,46.508304595947266,113.76509857177734,82.69596862792969,37.61140060424805,165.2389373779297,63.39253234863281,110.12281799316406,4.450809955596924,96.97338104248047,85.92730712890625,38.754005432128906,29.25371551513672,23.9827823638916,23.89838409423828,22.442243576049805,66.77835083007812,34.710689544677734,46.247406005859375,23.240440368652344,81.00475311279297,53.31914520263672,57.847015380859375
2019-04-01,47.775352478027344,96.32599639892578,25.528532028198242,45.37063980102539,86.7477798461914,131.1976776123047,59.382930755615234,169.11924743652344,44.204551696777344,114.91258239746094,95.52803039550781,39.377197265625,191.71641540527344,59.99311065673828,121.94371032714844,4.48650598526001,101.32551574707031,88.55481719970703,37.86870574951172,30.8464412689209,24.825420379638672,23.894773483276367,24.458642959594727,69.43062591552734,36.91999053955078,47.56616973876953,23.456192016601562,78.80636596679688,56.23215103149414,57.474735260009766
2019-05-01,41.841064453125,88.75350189208984,22.205974578857422,42.19184875488281,83.07017517089844,126.47544860839844,54.803504943847656,157.62046813964844,38.3755989074707,107.46392059326172,87.22233581542969,39.433372497558594,175.9250946044922,60.37419891357422,115.90984344482422,3.3615224361419678,101.28597259521484,85.5858154296875,35.98817443847656,30.588134765625,22.794443130493164,21.241806030273438,22.704111099243164,64.12609100341797,33.720970153808594,45.835289001464844,23.27240562438965,77.05823516845703,51.95631790161133,51.24701690673828
2019-06-01,47.30209732055664,94.68150329589844,24.340343475341797,44.381317138671875,90.79712677001953,133.75514221191406,53.629676818847656,173.87548828125,41.71298599243164,114.1256332397461,92.02958679199219,41.18913269042969,191.31991577148438,64.33769226074219,125.54401397705078,4.075468063354492,104.52244567871094,91.19114685058594,37.8289794921875,33.31707000732422,25.430326461791992,23.237506866455078,24.21477508544922,69.20515441894531,36.73504638671875,48.227684020996094,24.013940811157227,82.13949584960938,56.01716232299805,55.490447998046875
2019-07-01,50.91573715209961,93.33899688720703,25.75040054321289,45.208152770996094,89.8266830444336,137.8314208984375,60.33586120605469,178.65777587890625,44.048282623291016,106.7018814086914,96.16288757324219,42.57236099243164,192.53921508789062,63.67780685424805,127.7088623046875,4.186888217926025,101.87609100341797,98.80451965332031,36.98259353637695,33.283897399902344,25.360776901245117,22.86911964416504,24.785051345825195,69.56273651123047,38.020111083984375,49.357173919677734,23.981719970703125,80.80951690673828,56.73149490356445,53.84666061401367
2019-08-01,50.07758712768555,88.81449890136719,23.089752197265625,38.19843673706055,86.77687072753906,132.28965759277344,58.96540069580078,190.54652404785156,41.5910758972168,105.9659423828125,91.0728759765625,44.52180862426758,184.05372619628906,66.34798431396484,129.6291961669922,4.160977840423584,108.9861068725586,100.63765716552734,38.91636657714844,34.62347412109375,24.64351463317871,20.96518325805664,23.61817741394043,67.72129821777344,37.4364128112793,50.42853927612305,25.201948165893555,80.3307113647461,56.19575500488281,50.20534133911133
2019-09-01,53.73133087158203,86.79550170898438,24.644392013549805,40.32011795043945,87.42557525634766,125.60095977783203,60.48147201538086,195.1673126220703,45.20539855957031,106.8080062866211,97.56388092041016,44.358428955078125,176.52978515625,65.02012634277344,130.7293701171875,4.3239288330078125,110.03627014160156,104.11136627197266,40.38844680786133,35.96284103393555,25.427120208740234,21.790021896362305,24.690950393676758,69.76065063476562,38.02524185180664,51.31167221069336,26.273448944091797,80.24591064453125,56.91025161743164,51.766929626464844
2019-10-01,59.67856216430664,88.83300018310547,26.4185848236084,39.06330108642578,85.61219787597656,125.21544647216797,62.34672546386719,197.3207244873047,49.591712951660156,109.00390625,104.38703918457031,44.35027313232422,189.98165893554688,66.93568420410156,134.81019592285156,4.993371963500977,110.09244537353516,104.88593292236328,40.8830680847168,35.53253936767578,25.422746658325195,21.333602905273438,25.308225631713867,70.55144500732422,39.50790023803711,51.09446716308594,26.074586868286133,84.35926818847656,56.98097610473633,49.538177490234375
2019-11-01,64.30686950683594,90.04000091552734,28.150543212890625,37.25442886352539,87.1927261352539,146.09112548828125,64.58987426757812,185.48553466796875,51.20543670654297,114.2894515991211,110.10276794433594,43.83604431152344,199.8847198486328,67.33734130859375,142.8263702392578,5.387832164764404,109.0169448852539,102.82206726074219,40.72755813598633,36.08708190917969,26.231000900268555,21.675912857055664,26.586864471435547,73.7236099243164,41.62803649902344,51.796226501464844,25.58759117126465,88.57943725585938,57.73538589477539,50.551109313964844
2019-12-01,70.6593246459961,92.39199829101562,29.9182186126709,39.43329620361328,89.70883178710938,140.2279510498047,66.33824157714844,184.86866760253906,52.79320526123047,121.25543975830078,116.48700714111328,45.43678665161133,203.46328735351562,70.7309341430664,148.78929138183594,5.849206447601318,110.45943450927734,105.2144546508789,41.51182174682617,36.172855377197266,26.981842041015625,22.982149124145508,27.28058433532715,73.57532501220703,43.42661666870117,53.045928955078125,26.4295597076416,91.65784454345703,59.33070373535156,51.77537155151367
2020-01-01,74.47565460205078,100.43599700927734,27.887990951538086,38.0749626159668,79.7560806274414,134.10028076171875,70.9637222290039,193.09710693359375,56.39213180541992,123.74915313720703,111.314208984375,47.940528869628906,200.15234375,66.44586944580078,160.6112518310547,5.877295017242432,114.78340148925781,105.602294921875,40.60491943359375,34.84877395629883,25.316896438598633,20.45579719543457,26.55380630493164,73.25021362304688,45.160457611083984,53.21437072753906,28.212800979614258,89.21027374267578,59.28340148925781,46.0918083190918
2020-02-01,65.93319702148438,94.1875,24.20980453491211,33.072288513183594,70.29532623291016,114.06912231445312,66.33130645751953,184.41156005859375,49.21493148803711,112.50021362304688,97.64801788330078,43.909912109375,190.79452514648438,59.53999328613281,153.2732391357422,6.717550754547119,106.70931243896484,95.95045471191406,36.99802780151367,32.775936126708984,23.15992546081543,17.32847785949707,23.56694984436035,65.99834442138672,41.86332321166992,48.843013763427734,25.43160057067871,83.33429718017578,54.79409408569336,38.715415954589844
2020-03-01,61.333595275878906,97.48600006103516,18.149246215820312,32.55876159667969,54.57038116455078,93.65980529785156,57.54987335205078,159.1160888671875,47.97391128540039,109.69775390625,75.71484375,36.643375396728516,165.34799194335938,60.3298225402832,149.2051239013672,6.556621551513672,97.72265625,93.21337890625,36.70427322387695,34.737003326416016,19.918302536010742,11.372517585754395,18.609420776367188,53.70552062988281,38.272300720214844,46.1409912109375,22.88956069946289,80.09477996826172,46.62247085571289,28.57746124267578
2020-04-01,70.86322784423828,123.69999694824219,20.560028076171875,35.434322357177734,69.28617858886719,104.85826873779297,66.70030212402344,187.3412628173828,53.16843032836914,125.5170669555664,81.37062072753906,38.00145721435547,202.92796325683594,62.211700439453125,169.54568481445312,7.269988059997559,107.64137268066406,100.54847717285156,39.667564392089844,37.16142654418945,22.943191528320312,14.871150016784668,20.370254516601562,58.43809509277344,43.529579162597656,49.35145950317383,23.65378189086914,90.17672729492188,55.425968170166016,34.97482681274414
2020-05-01,76.89327239990234,122.11849975585938,20.619873046875,39.982757568359375,70.07405853271484,113.7297592163086,71.00038146972656,211.757080078125,56.09851837158203,125.30050659179688,82.68770599365234,38.65565872192383,223.13055419921875,63.29377746582031,173.85067749023438,8.830545425415039,107.03926086425781,98.88507080078125,39.61923599243164,38.09565734863281,24.521974563598633,15.168572425842285,20.9244327545166,61.58705520629883,46.653446197509766,50.17312240600586,24.657602310180664,93.14253234863281,59.03390121459961,34.885746002197266
2020-06-01,88.22628784179688,137.9409942626953,20.44515609741211,38.99613952636719,68.18657684326172,108.11599731445312,70.2341537475586,214.76177978515625,53.33504867553711,118.46056365966797,79.92606353759766,37.33558654785156,225.09332275390625,61.11763000488281,193.07150268554688,9.453953742980957,108.4522933959961,101.99866485595703,38.065673828125,36.7813720703125,25.05691146850586,15.002394676208496,20.815031051635742,62.80208206176758,49.895416259765625,50.06043243408203,23.50553321838379,90.86747741699219,60.84852981567383,34.310325622558594
2020-07-01,102.79525756835938,158.23399353027344,21.417917251586914,39.69097900390625,64.14415740966797,113.38072204589844,73.69622039794922,227.6041259765625,42.54857635498047,122.78186798095703,82.91858673095703,39.47478103637695,251.46176147460938,63.417537689208984,194.4945068359375,10.565805435180664,112.88025665283203,112.55717468261719,40.13397979736328,39.73543167114258,26.840023040771484,14.281012535095215,21.615610122680664,65.57195281982422,52.73184585571289,53.52641677856445,25.33832359313965,95.82536315917969,65.27484130859375,32.28484344482422
2020-08-01,125.05754089355469,172.54800415039062,22.158246994018555,35.57862091064453,65.06114196777344,127.8563003540039,80.70849609375,244.36434936523438,45.72749710083008,130.08595275878906,85.96455383300781,41.38835906982422,290.64764404296875,67.39295959472656,214.479248046875,13.31282901763916,114.84821319580078,118.7464370727539,41.383792877197266,42.81257247924805,28.009489059448242,14.130393028259277,22.5421199798584,71.1299819946289,58.996829986572266,55.985050201416016,24.6801815032959,98.30431365966797,71.51167297363281,31.24750518798828
2020-09-01,112.23584747314453,157.43649291992188,20.882305145263672,33.193790435791016,55.813209533691406,120.30340576171875,72.58926391601562,239.3358917236328,46.472412109375,126.24467468261719,82.60111999511719,41.58860397338867,259.6201171875,66.03617858886719,200.02403259277344,13.472139358520508,114.46829986572266,119.3130111694336,41.53740692138672,43.139400482177734,28.431774139404297,12.06641960144043,21.77067756652832,70.64474487304688,55.84929275512695,55.047428131103516,24.94705581665039,96.16081237792969,70.17913055419922,26.858461380004883
2020-10-01,105.5003433227539,151.8074951171875,20.544235229492188,30.531831741333008,53.87525177001953,117.55953216552734,80.04381561279297,229.8558349609375,39.741180419921875,116.2641830444336,84.90038299560547,40.48508071899414,260.8195495605469,59.87439727783203,192.5491485595703,12.479939460754395,110.08279418945312,118.34407806396484,40.21552276611328,42.781734466552734,28.226259231567383,11.570869445800781,21.58073616027832,69.62608337402344,53.0544319152832,53.46727752685547,26.20743179321289,92.67830657958984,68.26446533203125,25.5206241607666
2020-11-01,115.57490539550781,158.40199279785156,24.410367965698242,36.587154388427734,68.57489776611328,143.50503540039062,86.89315032958984,239.0772705078125,43.70962142944336,123.53573608398438,102.08135223388672,43.80794906616211,274.5589294433594,63.99817657470703,204.1137237548828,13.343697547912598,119.1180191040039,119.87191009521484,42.62887191772461,47.11077880859375,31.715457916259766,14.810070037841797,25.216718673706055,80.78533172607422,59.09400939941406,57.46058654785156,26.400691986083984,100.04442596435547,75.08756256103516,30.551158905029297
2020-12-01,128.81674194335938,162.84649658203125,26.437841415405273,38.05847930908203,66.42750549316406,175.66543579101562,86.80597686767578,230.16465759277344,45.03854751586914,134.3797149658203,110.0396957397461,46.55868148803711,270.7821350097656,65.63494873046875,212.07540893554688,13.002532005310059,123.35196685791016,120.10498046875,41.45747375488281,44.60923385620117,32.502506256103516,15.473584175109863,26.806894302368164,81.59871673583984,62.3687858581543,58.40928268432617,26.564489364624023,103.84393310546875,76.91058349609375,33.026981353759766
2021-01-01,128.10806274414062,160.30999755859375,25.862165451049805,38.221378326416016,67.01744079589844,163.05142211914062,90.50675201416016,234.67054748535156,50.182437896728516,139.28941345214844,112.22772216796875,40.878929138183594,256.0811767578125,61.839664459228516,221.17172241210938,12.937541007995605,113.59526824951172,111.33779907226562,39.04844284057617,43.47658920288086,31.716768264770508,16.053329467773438,26.3249568939209,78.11544799804688,61.845909118652344,55.499637603759766,26.33146858215332,105.29945373535156,77.49896240234375,35.92745590209961
2021-02-01,117.89629364013672,154.64649963378906,30.275732040405273,38.47001647949219,79.77085876464844,183.2862091064453,100.14257049560547,223.85633850097656,55.28017807006836,136.14556884765625,128.36367797851562,41.59208679199219,255.37738037109375,58.26905822753906,222.0824737548828,13.659380912780762,107.45677947998047,107.27366638183594,39.440711975097656,40.20554733276367,33.023338317871094,19.658388137817383,29.380285263061523,83.49700164794922,62.69016647338867,54.81552505493164,24.725738525390625,103.08415222167969,77.08755493164062,44.303043365478516
2021-03-01,118.76162719726562,154.70399475097656,33.91490936279297,44.33438491821289,83.59187316894531,178.90379333496094,102.1539306640625,266.1622314453125,58.208805084228516,141.20616149902344,132.7770233154297,45.122802734375,291.9660949707031,62.399192810058594,225.32225036621094,13.299189567565918,118.59376525878906,117.60762023925781,41.473365783691406,42.20999526977539,35.52994918823242,20.242433547973633,31.09975242614746,91.00076293945312,63.84157180786133,59.473854064941406,27.334808349609375,107.2356948852539,80.52552032470703,45.49272155761719
2021-04-01,127.81339263916016,173.37100219726562,35.527809143066406,43.96142578125,82.21981811523438,180.35813903808594,116.56580352783203,282.2235107421875,52.32426071166992,139.81427001953125,134.9453125,46.20999526977539,322.2501220703125,60.302757263183594,241.00506591796875,14.95433521270752,120.86588287353516,116.60343933105469,41.66004943847656,43.47787094116211,37.44171905517578,20.37859535217285,33.11826705932617,94.21746826171875,67.15360260009766,60.57958221435547,28.478740692138672,111.45197296142578,85.72394561767578,46.64165115356445
2021-05-01,121.35916900634766,161.15350341796875,37.15825653076172,45.6798095703125,83.80763244628906,173.21246337890625,116.73170471191406,278.07318115234375,52.27133560180664,146.3234100341797,144.09605407714844,47.3314323425293,325.86834716796875,61.42786407470703,239.16685485839844,16.18479347229004,124.03510284423828,117.85321044921875,40.722900390625,44.31000900268555,39.34446334838867,21.542144775390625,34.698360443115234,97.16608428955078,66.52869415283203,61.65047836303711,27.81287384033203,113.53720092773438,82.8109359741211,48.25531005859375
2021-06-01,133.38697814941406,172.00799560546875,36.293556213378906,45.76616668701172,84.57474517822266,170.42013549804688,120.93868255615234,279.51373291015625,51.374515533447266,142.42430114746094,136.4630889892578,46.67031478881836,344.68310546875,66.5382308959961,259.4933166503906,19.933551788330078,125.13551330566406,117.92311096191406,40.39128875732422,43.994911193847656,37.273681640625,22.454225540161133,33.64374542236328,94.95121002197266,71.11006927490234,61.314815521240234,27.198686599731445,116.14735412597656,85.67359924316406,52.149139404296875
2021-07-01,142.05482482910156,166.37950134277344,33.76717758178711,48.14603805541992,82.20882415771484,170.6625213623047,133.45657348632812,287.6654052734375,49.15994644165039,148.8737335205078,133.93162536621094,49.188838958740234,353.1983337402344,65.76822662353516,272.91351318359375,19.431793212890625,132.550537109375,125.08479309082031,40.66279220581055,44.47224044799805,38.04804611206055,20.586862564086914,33.48786163330078,95.84138488769531,73.87434387207031,62.66433334350586,28.37730598449707,121.86480712890625,86.57566833496094,47.593936920166016
2021-08-01,148.090576171875,173.5395050048828,36.75129699707031,51.31983947753906,79.19266510009766,175.7818145751953,143.3335723876953,285.9034118652344,49.79256057739258,150.56723022460938,141.14089965820312,48.56783676147461,376.07745361328125,65.27197265625,289.7225036621094,22.31177520751953,132.07760620117188,125.22552490234375,40.094181060791016,46.373722076416016,38.76807403564453,20.174205780029297,35.21177673339844,96.90774536132812,76.5037841796875,63.32155990600586,29.482810974121094,124.6866683959961,88.12071228027344,45.754661560058594
2021-09-01,138.01502990722656,164.2519989013672,37.5589714050293,47.328678131103516,83.0225830078125,164.02102661132812,132.41595458984375,289.1896057128906,49.07414245605469,140.45286560058594,144.4410858154297,45.59735870361328,336.4356384277344,64.83831787109375,270.5663757324219,20.648229598999023,127.89794158935547,122.94771575927734,39.372493743896484,43.643280029296875,35.98119354248047,21.976062774658203,34.5629997253418,91.01593780517578,72.03597259521484,60.70058059692383,27.68634796142578,117.80593872070312,86.23426818847656,49.363346099853516
2021-10-01,146.110595703125,168.6215057373047,42.27486038208008,48.996524810791016,93.69398498535156,163.92405700683594,146.65052795410156,327.4944152832031,45.131988525390625,141.6529998779297,150.8153533935547,48.98651885986328,320.7532653808594,76.00869750976562,318.2647705078125,25.483366012573242,137.4131622314453,126.53275299072266,39.087677001953125,46.787052154541016,38.714691162109375,24.24580955505371,37.077171325683594,97.20210266113281,77.92642974853516,62.82563400268555,28.999589920043945,123.83966064453125,96.66211700439453,54.10498046875
2021-11-01,161.4641876220703,175.35350036621094,39.34623718261719,48.007328033447266,93.43582153320312,140.4897003173828,140.5599822998047,352.9281921386719,45.63134765625,136.4970245361328,140.99716186523438,45.93344497680664,321.6355895996094,64.66565704345703,317.8567199707031,32.56910705566406,135.86553955078125,127.93977355957031,37.081295013427734,44.03469467163086,38.50092315673828,23.030778884887695,34.95900344848633,93.74156188964844,81.39506530761719,61.97914505004883,28.5054931640625,120.05470275878906,98.24313354492188,50.89427185058594
2021-12-01,173.44943237304688,166.7169952392578,39.55339431762695,55.47454833984375,97.1444320678711,150.17564392089844,143.48663330078125,367.12646484375,47.764522552490234,149.75018310546875,140.57106018066406,51.853553771972656,333.42205810546875,66.7867431640625,323.3659973144531,29.318376541137695,148.708740234375,144.7530059814453,38.32790756225586,45.48839569091797,41.4205322265625,23.717880249023438,36.135128021240234,98.80136108398438,84.03823852539062,68.45887756347656,31.267471313476562,130.8834228515625,98.39025115966797,52.04244613647461
2022-01-01,170.7241973876953,149.57350158691406,41.02030944824219,49.02107620239258,108.71733856201172,138.6184539794922,134.02813720703125,324.6380920410156,45.278907775878906,150.81814575195312,132.70643615722656,53.42992401123047,310.5329895019531,71.00447845458984,299.0020446777344,24.40888786315918,148.5460968017578,142.7498321533203,39.73777389526367,43.95419692993164,38.60460662841797,28.170854568481445,36.14438247680664,94.06720733642578,78.28651428222656,67.44677734375,30.249677658081055,121.9095230102539,89.0103530883789,64.60442352294922
2022-02-01,161.4938201904297,153.56300354003906,39.29558181762695,49.1091423034668,120.45733642578125,143.94134521484375,133.78395080566406,279.3896789550781,44.577152252197266,144.9849853515625,126.63375854492188,54.507102966308594,209.19296264648438,66.73444366455078,287.8755187988281,24.308208465576172,140.17367553710938,138.69288635253906,40.066261291503906,42.4922981262207,38.115474700927734,30.162307739257812,35.644691467285156,93.27350616455078,74.4681396484375,66.49681091308594,29.673084259033203,120.72974395751953,85.39122772216797,67.4360580444336
2022-03-01,170.77540588378906,162.99749755859375,36.82542037963867,49.1003303527832,136.20883178710938,132.9852752685547,137.7566680908203,266.3915100097656,46.31538009643555,156.13833618164062,121.73985290527344,54.71255111694336,220.42434692382812,72.13722229003906,297.0478820800781,27.2047061920166,144.2322540283203,135.9437713623047,38.02822494506836,46.999324798583984,40.447731018066406,32.97903823852539,35.598358154296875,96.478759765625,76.95909118652344,67.68135833740234,32.742835998535156,127.65743255615234,89.17120361328125,71.02197265625
2022-04-01,154.18785095214844,124.28150177001953,31.876054763793945,43.42546081542969,131.05592346191406,108.23233032226562,113.03389739990234,267.34375,40.73622512817383,158.98397827148438,107.38395690917969,57.015769958496094,198.7248992919922,77.97501373291016,267.38250732421875,18.491743087768555,147.96340942382812,143.64016723632812,34.985206604003906,48.283817291259766,39.016109466552734,32.42249298095703,32.05896759033203,89.13367462158203,68.48017883300781,69.2420654296875,31.335678100585938,121.41385650634766,78.50923919677734,73.30940246582031
2022-05-01,145.78521728515625,120.20950317382812,33.23399353027344,39.94113540649414,147.30665588378906,107.07855987548828,112.68966674804688,269.43511962890625,41.84001922607422,159.18101501464844,118.96261596679688,55.93033981323242,191.95436096191406,80.9114761352539,262.54901123046875,18.616369247436523,144.5510711669922,132.30462646484375,38.7557487487793,40.74333190917969,39.47496032714844,37.621299743652344,32.95077896118164,88.72146606445312,68.0104751586914,66.41494750976562,32.68567657470703,123.2217025756836,74.4892807006836,83.3993148803711
2022-06-01,133.91395568847656,106.20999908447266,27.97132110595703,37.804443359375,122.10613250732422,91.52677154541016,107.9359130859375,245.630615234375,35.237186431884766,157.3899688720703,101.31120300292969,55.916683197021484,159.84629821777344,80.8113784790039,248.02464294433594,15.11703109741211,144.61068725585938,128.6454315185547,38.34771728515625,38.51026153564453,34.005184173583984,31.19804573059082,29.37203598022461,82.18535614013672,61.71561813354492,64.85603332519531,31.08556365966797,120.00801086425781,66.41947937011719,74.3991470336914
2022-07-01,159.1746826171875,134.9499969482422,30.379390716552734,40.58689498901367,138.13058471679688,102.87065124511719,115.22355651855469,269.5157470703125,34.20106887817383,154.7388916015625,104.70333099365234,57.03662109375,157.71499633789062,79.1893081665039,271.1148986816406,18.112714767456055,151.81260681152344,125.08619689941406,35.34119415283203,41.82661056518555,36.09817886352539,34.21269226074219,31.48271369934082,89.9955062866211,70.01751708984375,66.93163299560547,32.7787971496582,123.90097045898438,78.66661071777344,84.2072525024414
2022-08-01,154.20712280273438,126.7699966430664,30.199682235717773,40.005409240722656,134.51760864257812,108.66864776611328,107.19991302490234,259.9884033203125,30.369577407836914,144.01393127441406,103.22390747070312,54.85008239746094,161.5116729736328,75.66150665283203,253.04153442382812,15.052209854125977,149.47848510742188,124.21275329589844,31.989940643310547,42.167842864990234,34.84147262573242,35.12015914916992,30.866321563720703,87.44544219970703,65.66749572753906,65.69166564941406,32.9516716003418,116.75139617919922,75.1301498413086,83.85000610351562
2022-09-01,135.55160522460938,113.0,27.31447982788086,35.783023834228516,122.27095031738281,91.45890045166016,94.7484130859375,248.7386932373047,24.518293380737305,145.8170166015625,94.8465576171875,50.155635833740234,134.49888610839844,76.9505615234375,225.39248657226562,12.108988761901855,142.6125030517578,113.68607330322266,29.05185890197754,41.26118087768555,31.600187301635742,31.76311492919922,28.503210067749023,78.32406616210938,57.80900192260742,60.34907150268555,29.234394073486328,113.78746032714844,68.96468353271484,76.58692169189453
2022-10-01,150.40150451660156,102.44000244140625,32.59648513793945,41.0180549621582,153.95570373535156,103.29725646972656,93.61914825439453,266.93841552734375,27.049089431762695,155.28761291503906,115.27371215820312,53.584693908691406,92.3490219116211,90.4249496459961,224.6472930908203,13.463631629943848,158.61558532714844,122.1288070678711,29.074647903442383,45.27912902832031,34.42055892944336,39.69286346435547,31.901803970336914,89.20662689208984,62.23302459716797,65.78437042236328,29.801137924194336,124.72366333007812,69.72962951660156,97.20075225830078
2022-11-01,145.43411254882812,96.54000091552734,34.23353576660156,44.89143753051758,157.21351623535156,94.89115142822266,100.0380630493164,293.8189392089844,28.995832443237305,159.91038513183594,126.537353515625,57.35499572753906,117.07191467285156,98.39521026611328,247.6114044189453,16.88548469543457,162.04856872558594,135.2694091796875,30.327268600463867,48.48904800415039,38.44898223876953,40.20005798339844,34.089317321777344,96.17485809326172,66.17031860351562,69.80884552001953,31.87624740600586,130.6145782470703,70.76566314697266,98.4518814086914
2022-12-01,127.65150451660156,84.0,30.13060760498047,43.01343536376953,153.93734741210938,84.23564147949219,87.39834594726562,286.44598388671875,25.48586082458496,158.6975555419922,122.8011474609375,57.35499572753906,119.29241943359375,99.79367065429688,232.74346923828125,14.581602096557617,158.79632568359375,137.44589233398438,30.65403938293457,45.27738952636719,36.32707214355469,38.974388122558594,32.309696197509766,93.29940795898438,60.737571716308594,67.90478515625,31.718647003173828,128.16201782226562,62.70195770263672,97.53227233886719
2023-01-01,141.75967407226562,103.12999725341797,32.277591705322266,44.29451370239258,149.24606323242188,105.18791198730469,97.90831756591797,293.9821472167969,27.25048828125,146.81210327148438,129.11410522460938,55.2901725769043,147.67320251464844,96.6096420288086,240.4977264404297,19.49368667602539,150.32298278808594,129.9309844970703,32.850791931152344,45.94159698486328,39.586605072021484,40.07048797607422,34.53925323486328,96.75737762451172,66.3603286743164,67.1669692993164,31.08426856994629,125.81293487548828,72.18781280517578,102.5813217163086
2023-02-01,145.04608154296875,94.2300033569336,31.204111099243164,44.066986083984375,139.10130310058594,96.57818603515625,89.21109771728516,268.9251403808594,24.332365036010742,138.6749267578125,132.24139404296875,53.65816116333008,173.41714477539062,95.55726623535156,242.66648864746094,23.16452980041504,152.5292205810547,125.53245544433594,30.669696807861328,45.38596725463867,38.267826080322266,37.29010772705078,33.74568176269531,95.92139434814453,66.63365173339844,65.60939025878906,29.244138717651367,119.97323608398438,70.65376281738281,97.93527221679688
2023-03-01,162.25564575195312,103.29000091552734,26.187334060668945,47.5799674987793,141.169189453125,97.08235931396484,102.75225067138672,269.5754699707031,31.88681411743164,140.24935913085938,120.21190643310547,56.359371185302734,210.0950469970703,96.35746002197266,280.4936828613281,27.720123291015625,161.32069396972656,135.6892852783203,30.7329158782959,47.277767181396484,37.884742736816406,37.292091369628906,30.52375030517578,96.5152587890625,73.8687515258789,68.3776626586914,30.678865432739258,122.61001586914062,72.81714630126953,97.71249389648438
2023-04-01,166.958984375,105.44999694824219,26.80997085571289,43.32518768310547,145.85867309570312,99.38023376464844,106.32821655273438,274.5263671875,30.315410614013672,148.12139892578125,128.52821350097656,58.28557586669922,238.2279815673828,104.58124542236328,298.9403381347656,27.692180633544922,168.92214965820312,143.60040283203125,31.193334579467773,48.406410217285156,37.83308029174805,38.32761764526367,31.492145538330078,95.38965606689453,73.78071594238281,70.87625885009766,31.263530731201172,126.46467590332031,71.99908447265625,105.44679260253906
2023-05-01,174.64883422851562,120.58000183105469,25.44566535949707,45.544166564941406,131.595458984375,85.28278350830078,121.71183013916016,260.7795715332031,30.81196403503418,141.36219787597656,126.17596435546875,54.20603561401367,262.4155578613281,99.9983901977539,320.19671630859375,37.756534576416016,161.3649444580078,130.85470581054688,28.62267303466797,47.270687103271484,35.2357177734375,34.48269271850586,30.153474807739258,92.3848876953125,80.35997772216797,66.51055908203125,29.427967071533203,121.06625366210938,73.82511138916016,91.8375015258789
2023-06-01,191.12344360351562,130.36000061035156,26.479368209838867,47.442222595214844,137.47543334960938,86.5625991821289,118.57169342041016,285.7949523925781,32.77200698852539,150.898193359375,135.22242736816406,55.13154602050781,284.4817810058594,105.20703887939453,332.0435485839844,42.219757080078125,165.0496368408203,139.33958435058594,29.875871658325195,50.58900451660156,39.113643646240234,36.866607666015625,32.148441314697266,102.78155517578125,85.22429656982422,68.36500549316406,29.897666931152344,126.22444152832031,82.85375213623047,96.39431762695312
2023-07-01,193.5670623779297,133.67999267578125,29.53432846069336,48.07914733886719,142.98838806152344,86.18446350097656,131.468994140625,307.1393737792969,35.05547332763672,152.73062133789062,147.8714599609375,56.69704818725586,315.8265380859375,97.23834228515625,327.5387878417969,46.63814163208008,167.0457000732422,144.43124389648438,27.86762046813965,51.451568603515625,40.45881271362305,39.732547760009766,33.69339370727539,105.7504653930664,87.42526245117188,69.82135772705078,30.642375946044922,127.57486724853516,84.77127075195312,96.38533782958984
2023-08-01,185.36297607421875,138.00999450683594,26.681419372558594,52.98500061035156,142.10446166992188,81.13304901123047,134.88644409179688,305.8230895996094,34.56195068359375,148.46759033203125,136.98423767089844,54.77450180053711,293.3142395019531,99.36270904541016,320.2590637207031,49.2590446472168,159.6599578857422,142.6200714111328,28.603553771972656,52.52272033691406,39.123085021972656,40.38657760620117,32.787410736083984,103.65308380126953,86.10664367675781,67.06535339355469,28.764625549316406,126.68092346191406,83.29289245605469,100.7547378540039
2023-09-01,168.92526245117188,127.12000274658203,25.48089027404785,49.668235778808594,148.73776245117188,78.58309173583984,129.62649536132812,279.7684020996094,34.96520233154297,143.02218627929688,135.75790405273438,51.65641784667969,297.59661865234375,94.5047378540039,308.52386474609375,43.41799545288086,152.05027770996094,134.78402709960938,26.502037048339844,51.65708541870117,37.253387451171875,41.35719680786133,31.77486228942871,97.48826599121094,80.52835845947266,63.85435104370117,27.141603469848633,122.93218994140625,78.68511199951172,106.54503631591797
2023-10-01,168.49114990234375,133.08999633789062,24.513031005859375,48.5101432800293,128.54673767089844,79.10665130615234,122.9104232788086,263.593017578125,35.899574279785156,136.2177276611328,131.13912963867188,52.12702941894531,298.64739990234375,94.27525329589844,330.3721618652344,40.70405960083008,146.52249145507812,139.51239013671875,29.339374542236328,52.78112030029297,36.07246398925781,38.97798156738281,30.998929977416992,94.5842056274414,80.56766510009766,62.972755432128906,27.491640090942383,118.92166900634766,74.34468078613281,95.9158935546875
2023-11-01,187.662109375,146.08999633789062,28.601652145385742,45.02054214477539,127.99569702148438,89.86881256103516,131.28076171875,292.20782470703125,44.1092529296875,143.1585693359375,147.1896514892578,54.35581970214844,324.3020935058594,94.07331085205078,370.9898986816406,46.68291091918945,152.1698455810547,142.75775146484375,32.011905670166016,50.287574768066406,39.08403778076172,38.69887924194336,34.390037536621094,102.94062042236328,90.9572982788086,65.57110595703125,28.905597686767578,125.3862533569336,82.4976577758789,93.94908905029297
2023-12-01,190.2110137939453,151.94000244140625,31.584697723388672,47.011932373046875,132.9515380859375,87.82716369628906,138.37326049804688,323.0234375,49.58590316772461,145.0839080810547,160.41107177734375,54.81157302856445,350.87872314453125,100.80145263671875,368.1798400878906,49.43412780761719,153.5713653564453,136.26707458496094,31.48575210571289,51.109771728515625,40.85194778442383,38.7287483215332,36.19684982299805,110.21394348144531,94.76175689697266,67.34915161132812,29.44290542602539,130.8105926513672,87.55655670166016,91.42525482177734
2024-01-01,182.17893981933594,155.1999969482422,31.903636932373047,47.05889892578125,131.4095001220703,93.43004608154297,138.77943420410156,328.99822998046875,42.51066207885742,147.08326721191406,165.44232177734375,55.332435607910156,386.7437744140625,111.67491912841797,389.2696228027344,61.41782760620117,152.38685607910156,147.0468292236328,35.96570587158203,53.573673248291016,39.261619567871094,38.53011703491211,37.31356430053711,109.15038299560547,97.32182312011719,68.18132019042969,28.568870544433594,134.6472930908203,83.69312286376953,94.01310729980469
2024-02-01,178.80076599121094,176.75999450683594,32.610164642333984,45.36147689819336,136.9702606201172,108.53644561767578,137.15489196777344,354.77117919921875,42.60557556152344,150.51300048828125,176.5439453125,55.82539367675781,486.37890625,117.56470489501953,405.7428894042969,78.97163391113281,150.64329528808594,148.731201171875,33.986961364746094,57.00368881225586,41.81665802001953,39.79120635986328,38.8346061706543,116.9917221069336,101.90040588378906,69.61189270019531,28.871061325073242,138.90594482421875,90.29866027832031,96.46504211425781
2024-03-01,169.63072204589844,180.3800048828125,35.82206344604492,46.80569076538086,142.13336181640625,119.02239990234375,149.50733947753906,359.6967468261719,43.714012145996094,147.537841796875,190.0556182861328,57.35948944091797,481.86370849609375,122.7767333984375,412.6877136230469,90.19991302490234,159.45375061035156,151.8285675048828,35.63450241088867,58.72024154663086,44.52149963378906,43.9638557434082,40.70083999633789,122.16380310058594,102.70481872558594,71.92342376708984,30.773664474487305,142.20877075195312,90.24018096923828,107.28182220458984
2024-04-01,168.49314880371094,175.0,34.96240997314453,44.417884826660156,145.3140869140625,108.06953430175781,161.24563598632812,313.39373779296875,30.155445098876953,134.8536376953125,182.99468994140625,57.91264724731445,426.87774658203125,120.23654174804688,381.89697265625,86.25273895263672,160.27378845214844,153.7036895751953,34.0799446105957,57.92000198364258,42.47971725463867,43.54941177368164,39.00014114379883,117.85761260986328,96.78722381591797,71.11339569091797,31.28460693359375,135.08531188964844,86.18183135986328,109.15538024902344
2024-05-01,190.4346923828125,176.44000244140625,37.77754592895508,43.96406173706055,147.71893310546875,101.0756607055664,170.87399291992188,316.18609619140625,30.655534744262695,137.89930725097656,193.3879852294922,59.000205993652344,463.2571716308594,116.81238555908203,407.93896484375,109.44361877441406,157.53131103515625,154.9656982421875,35.51253128051758,64.39769744873047,43.869659423828125,43.400390625,40.23701477050781,119.78763580322266,103.63684844970703,72.84647369384766,34.08774948120117,138.3293914794922,86.3536148071289,109.10225677490234
2024-06-01,208.63124084472656,193.25,37.798213958740234,44.918975830078125,142.3671875,96.58168029785156,180.64013671875,325.03326416015625,30.774776458740234,137.41981506347656,193.03485107421875,60.13829040527344,500.8578186035156,115.88248443603516,439.20770263671875,123.33672332763672,151.4546356201172,155.32359313964844,35.59020233154297,66.30730438232422,42.52797317504883,42.78663635253906,39.882171630859375,118.60311126708984,111.7572021484375,72.67520904541016,32.19839096069336,140.8525390625,89.70155334472656,107.11112213134766
2024-07-01,219.98304748535156,186.97999572753906,38.31144332885742,46.200157165527344,146.0533447265625,91.55487060546875,170.11805725097656,347.6186828613281,30.546226501464844,148.4108123779297,204.21949768066406,63.05780029296875,471.6637878417969,105.8948745727539,411.1031494140625,116.82743835449219,158.562255859375,152.31625366210938,35.541107177734375,67.21803283691406,44.37240982055664,43.75361251831055,42.43360900878906,124.43254852294922,108.08679962158203,73.88043975830078,34.39566421508789,144.60215759277344,92.20475006103516,110.33972930908203
2024-08-01,227.10028076171875,178.5,38.7296257019043,48.1931037902832,136.16522216796875,88.32030487060547,162.02574157714844,350.0531005859375,22.040000915527344,157.1254119873047,215.73561096191406,68.47167205810547,517.8338623046875,110.8746337890625,410.6529235839844,119.17357635498047,158.755126953125,162.53005981445312,36.64628982543945,75.84566497802734,45.40298080444336,42.847660064697266,44.37388229370117,127.9360580444336,108.84261322021484,78.30284881591797,36.04954147338867,151.9177703857422,92.02278137207031,110.61842346191406
2024-09-01,231.06707763671875,186.3300018310547,37.95854949951172,50.74864959716797,135.53939819335938,93.99790954589844,164.69349670410156,384.91583251953125,23.459999084472656,153.5255126953125,202.3577117919922,68.36079406738281,569.1654052734375,107.00856018066406,423.6082763671875,121.25054931640625,157.34539794921875,164.10287475585938,39.39168930053711,79.30255889892578,46.62144470214844,41.554473876953125,44.125877380371094,132.23731994628906,111.72534942626953,79.18643951416016,38.42987060546875,149.3997802734375,98.74224090576172,109.94310760498047
2024-10-01,224.03590393066406,186.39999389648438,40.005706787109375,52.62580871582031,136.9659423828125,94.0076675415039,169.9168243408203,374.03912353515625,21.520000457763672,151.44137573242188,214.27685546875,62.129730224609375,564.3331909179688,96.4169921875,400.03076171875,132.5528564453125,153.6719970703125,157.4242706298828,37.5301513671875,80.48104858398438,45.17510986328125,41.928367614746094,45.25531768798828,130.66539001464844,109.98336791992188,76.43876647949219,38.015987396240234,142.46426391601562,97.02730560302734,109.53042602539062
2024-11-01,235.62008666992188,207.88999938964844,45.448848724365234,56.89198684692383,150.55194091796875,114.7929458618164,167.77186584472656,409.7946472167969,24.049999237060547,148.02505493164062,241.11940002441406,61.4219856262207,571.0346069335938,95.77622985839844,417.7090759277344,138.03433227539062,151.2384796142578,170.8431854248047,39.49884796142578,90.8419418334961,45.847496032714844,45.21296691894531,49.98726272583008,140.58514404296875,115.6695785522461,79.39633178710938,39.45270538330078,142.98806762695312,109.54934692382812,111.5462875366211
2024-12-01,248.6157989501953,219.38999938964844,42.27717971801758,56.88238525390625,134.66275024414062,109.29456329345703,188.19540405273438,371.46319580078125,20.049999237060547,138.10324096679688,231.4541473388672,59.67747497558594,582.6302490234375,94.49122619628906,415.7757263183594,134.08975219726562,141.89749145507812,159.7783203125,35.623802185058594,88.92707061767578,40.91291046142578,40.88175582885742,47.25725173950195,129.29164123535156,115.25932312011719,75.56720733642578,36.306697845458984,134.0474090576172,110.76910400390625,101.72120666503906
2025-01-01,234.29966735839844,237.67999267578125,44.53772735595703,58.62435531616211,138.70709228515625,110.9729995727539,202.82952880859375,393.4173583984375,19.43000030517578,145.2939453125,259.4268798828125,60.84687423706055,685.7903442382812,93.86431884765625,409.42315673828125,119.89094543457031,140.61904907226562,159.16090393066406,35.711090087890625,96.61406707763672,43.17396545410156,41.826717376708984,50.327552795410156,135.75820922851562,114.41167449951172,75.92288970947266,37.35719299316406,143.1092987060547,114.63011169433594,101.0214614868164
2025-02-01,240.36160278320312,212.27999877929688,44.34534454345703,62.019927978515625,149.11024475097656,111.69934844970703,169.28639221191406,378.7303161621094,23.729999542236328,158.8454132080078,256.85491943359375,68.25623321533203,664.91357421875,87.62379455566406,392.3837585449219,124.73370361328125,143.21324157714844,166.6879119873047,39.074581146240234,97.0569839477539,43.15938186645508,43.43030548095703,51.02178955078125,133.77603149414062,111.7944107055664,79.86419677734375,37.99995803833008,145.11656188964844,106.6266860961914,106.21844482421875
2025-03-01,220.7720947265625,190.25999450683594,40.394996643066406,59.69816207885742,157.26043701171875,96.87808227539062,153.9147186279297,352.1979675292969,22.709999084472656,159.6347198486328,238.0748748779297,69.15582275390625,574.0355224609375,85.9952163696289,371.0343933105469,108.22832489013672,141.15626525878906,163.40863037109375,41.123512268066406,86.6446762084961,42.006900787353516,44.947425842285156,48.88130569458008,129.0096435546875,102.53109741210938,78.92462158203125,38.0909309387207,142.82176208496094,97.76097106933594,113.46949768066406
2025-04-01,211.20095825195312,184.4199981689453,38.60418701171875,56.22078323364258,127.90276336669922,89.27113342285156,158.05520629882812,346.4319763183594,20.100000381469727,150.4613037109375,238.8772430419922,70.0538330078125,546.7857666015625,81.62647247314453,390.6738586425781,108.76756286621094,127.63746643066406,156.85325622558594,40.586509704589844,95.98125457763672,40.98579025268555,38.718753814697266,47.85087966918945,129.1573028564453,104.26411437988281,79.07926177978516,38.115081787109375,137.40272521972656,97.66194152832031,100.78014373779297
2025-05-01,199.88394165039062,205.00999450683594,42.71821594238281,61.391963958740234,130.0696258544922,110.953369140625,170.9345245361328,353.9277648925781,19.549999237060547,150.68328857421875,257.8022766113281,69.61931610107422,644.8786010742188,73.61711883544922,455.8537902832031,134.94091796875,123.74942016601562,163.9158477783203,40.494388580322266,97.66764831542969,42.18278121948242,39.214168548583984,50.009864807128906,140.574951171875,114.66222381591797,80.04563903808594,39.57398986816406,129.74368286132812,105.85077667236328,98.50199890136719
2025-06-01,204.18316650390625,219.38999938964844,46.07609558105469,67.56620788574219,136.24485778808594,122.23994445800781,175.61581420898438,354.53179931640625,22.399999618530273,148.29502868652344,283.10400390625,68.80148315429688,735.6788330078125,76.59915161132812,492.54119873046875,157.7798614501953,125.66879272460938,153.71754455566406,39.85878372192383,96.73766326904297,43.11951446533203,41.12360382080078,51.5697021484375,145.64300537109375,125.95399475097656,78.7849349975586,39.72228240966797,132.47616577148438,107.82722473144531,103.79779052734375
2025-07-01,206.57162475585938,234.11000061035156,46.027408599853516,66.69890594482422,144.28501892089844,117.4098892211914,191.23118591308594,355.3730773925781,19.799999237060547,159.9353485107422,290.6790771484375,66.02025604248047,770.913330078125,75.59278869628906,528.2778930664062,177.63340759277344,131.2650909423828,146.1715850830078,40.025875091552734,96.93553161621094,43.080238342285156,42.28734588623047,51.5697021484375,150.07586669921875,130.6841583251953,77.6270523071289,41.67288589477539,128.1909942626953,109.86141967773438,107.49522399902344
2025-08-01,231.28562927246094,229.0,49.40619659423828,67.68841552734375,154.5115203857422,116.69029998779297,212.16798400878906,393.33648681640625,24.350000381469727,173.26531982421875,295.7618713378906,67.08995056152344,736.2868041992188,81.39868927001953,502.5551452636719,173.94830322265625,141.47732543945312,152.5538787841797,41.40188217163086,96.17029571533203,45.31453323364258,43.82930374145508,53.16495132446289,150.07586669921875,130.5399169921875,78.60005950927734,41.01619338989258,135.0708465576172,114.9766845703125,111.07086181640625
2025-09-01,253.69285583496094,219.57000732421875,50.51326370239258,67.03199768066406,149.40280151367188,112.86568450927734,242.4694366455078,394.0315246582031,33.54999923706055,181.33351135253906,309.50885009765625,64.98809814453125,732.4749755859375,82.01707458496094,513.7232666015625,186.3423309326172,134.9710235595703,149.26072692871094,41.13978576660156,102.19952392578125,44.21717071533203,43.68983459472656,53.22140884399414,152.89671325683594,140.3744354248047,76.77836608886719,42.70754623413086,137.40650939941406,119.10592651367188,109.57424926757812
2025-10-01,269.37493896484375,244.22000122070312,52.334442138671875,72.05937194824219,151.74070739746094,111.01251983642578,280.4606018066406,369.13653564453125,39.9900016784668,184.7074737548828,306.7639465332031,67.51629638671875,646.6681518554688,84.02035522460938,513.5843505859375,202.23207092285156,140.40101623535156,147.09591674804688,37.83842468261719,100.3352279663086,42.26829528808594,43.098114013671875,51.739463806152344,153.71954345703125,149.74734497070312,74.7308120727539,43.63309860229492,142.42213439941406,119.25006103515625,111.13890075683594
2025-11-01,278.093017578125,233.22000122070312,52.530269622802734,75.83433532714844,147.02444458007812,102.97884368896484,319.3495178222656,347.0908203125,40.560001373291016,203.64450073242188,308.6965026855469,71.65155029296875,646.2691650390625,102.44072723388672,488.9082946777344,176.7745361328125,142.9478302001953,144.9340362548828,39.14287185668945,109.58732604980469,44.10862731933594,44.232662200927734,52.68791198730469,152.36138916015625,142.5458526611328,77.758056640625,44.382354736328125,155.65234375,117.5254135131836,113.64030456542969
2025-12-01,271.12200927734375,230.82000732421875,54.1319465637207,75.92303466796875,148.2696533203125,112.90486907958984,312.3923034667969,336.78814697265625,36.900001525878906,203.6740264892578,317.70855712890625,68.9871826171875,658.9146728515625,103.74008178710938,480.5711669921875,186.27281188964844,139.2801971435547,140.18963623046875,38.78104782104492,110.70502471923828,44.98102569580078,44.101722717285156,54.29969024658203,154.3057098388672,143.61996459960938,76.71292114257812,42.1246223449707,153.4893035888672,118.9336166381836,117.97337341308594
2026-01-01,258.775634765625,239.3000030517578,52.360355377197266,77.6075668334961,172.0943603515625,111.94225311279297,337.3437805175781,366.6302490234375,46.470001220703125,223.65267944335938,302.9676818847656,73.82249450683594,715.2241821289062,108.677734375,427.577392578125,190.8971710205078,149.09152221679688,149.51954650878906,43.125152587890625,118.38610076904297,48.86913299560547,50.355464935302734,52.981109619140625,164.571533203125,143.5301971435547,82.47035217285156,42.67720413208008,153.42982482910156,120.68658447265625,138.61920166015625
2026-02-01,263.70941162109375,210.0,49.04354476928711,78.73719787597656,183.46383666992188,105.23365020751953,311.15472412109375,372.6300048828125,45.61000061035156,245.79718017578125,297.4310607910156,80.4833984375,647.02587890625,122.0320816040039,391.15484619140625,176.97415161132812,164.72561645507812,164.72073364257812,48.569068908691406,127.14035034179688,52.97544860839844,55.15920639038086,50.988372802734375,176.21011352539062,138.42263793945312,88.8894271850586,47.09787368774414,158.8435821533203,116.39378356933594,150.4973907470703
2026-03-01,253.33790588378906,208.27000427246094,48.2518310546875,76.88420867919922,203.24838256835938,95.64710998535156,287.2037353515625,324.053466796875,44.130001068115234,241.84947204589844,291.3497314453125,75.56214904785156,571.6002197265625,119.43114471435547,368.67596435546875,174.1969757080078,152.0488739013672,142.29823303222656,48.62718963623047,123.74702453613281,49.78385543823242,60.82136917114258,49.197662353515625,161.33306884765625,132.74171447753906,81.41510009765625,45.59882736206055,145.96624755859375,108.76327514648438,167.4320526123047
2026-04-01,270.86663818359375,265.05999755859375,52.913700103759766,91.15898132324219,189.89822387695312,102.96106719970703,384.3232421875,323.9647521972656,94.4800033569336,227.41409301757812,311.82525634765625,78.25476837158203,611.3433837890625,108.40046691894531,406.1341552734375,199.33767700195312,155.1820831298828,146.00010681152344,47.22494888305664,131.36419677734375,51.27826690673828,59.222900390625,51.948028564453125,174.1515350341797,159.31004333496094,83.72903442382812,46.552738189697266,145.34898376464844,118.11463165283203,152.30337524414062
2026-05-01,311.7911071777344,270.6400146484375,51.07270431518555,119.97119140625,180.8814239501953,101.05567169189453,379.8687744140625,312.47625732421875,114.68000030517578,224.22413635253906,297.9676818847656,78.50315856933594,631.92431640625,117.87236022949219,449.3940124511719,210.8942108154297,141.18055725097656,142.4962615966797,47.00864028930664,115.47355651855469,50.95945739746094,55.886959075927734,51.39994812011719,172.70509338378906,190.79251098632812,82.33869171142578,44.138153076171875,148.81369018554688,120.62963104248047,144.32546997070312
2026-06-01,289.11065673828125,238.33999633789062,56.690757751464844,117.02222442626953,164.32589721679688,96.25,357.14044189453125,350.1000061035156,139.6300048828125,252.7235870361328,325.86199951171875,81.2699966430664,563.2899780273438,128.5,372.319091796875,200.08999633789062,133.9688262939453,145.55343627929688,41.63032531738281,112.989501953125,50.83000183105469,53.11000061035156,53.61000061035156,185.22999572753906,190.52000427246094,83.06999969482422,45.34000015258789,158.66000366210938,117.27999877929688,135.8404083251953
2026-07-01,308.6438293457031,271.5799865722656,61.63553237915039,115.98999786376953,195.12709045410156,96.19000244140625,355.9012451171875,329.5315856933594,90.19999694824219,255.09190368652344,351.7900085449219,87.58999633789062,556.7100219726562,130.1999969482422,463.8468017578125,200.75,138.08485412597656,144.49000549316406,46.810001373291016,110.93441772460938,50.43000030517578,59.54999923706055,56.939998626708984,179.83999633789062,175.35000610351562,85.05000305175781,44.349998474121094,162.5500030517578,116.08999633789062,154.4399871826172
2026-08-01,316.8500061035156,259.7699890136719,61.625579833984375,110.48999786376953,206.13999938964844,107.55000305175781,339.13201904296875,325.4317932128906,89.51000213623047,265.8500061035156,356.0199890136719,88.66999816894531,572.3400268554688,147.75999450683594,507.2900085449219,220.77999877929688,138.8566131591797,145.1199951171875,50.02000045776367,104.87000274658203,52.689998626708984,63.959999084472656,57.709999084472656,175.1300048828125,186.5,84.9800033569336,42.22999954223633,170.5399932861328,116.58999633789062,160.9499969482422
